Ingredient,impact_factor_final,impact_factor_name_final,impact_value_final,impact_unit_final,ref_amount_final,ref_unit_final
dumpling wrapper,,,,,,
candy bar,,,,,,
brown sesame seed,de7968ed-3a7b-48e3-b3b4-705fc417bd4f_493461ac-622e-4fe6-81b9-c429f42982b7_07e6ca75-ea62-4fad-afa1-e11b03a2071f,market for sesame seed,2.801586996,kg,1,kg
grana padano,,,,,,
red chili pepper,9e2a803e-3fc5-43fb-b7d6-139ae91dd72c_6da04e2b-e9e9-5cc4-8227-a5b19b91b936_07e6ca75-ea62-4fad-afa1-e11b03a2071f,market for chilli,0.230959987,kg,1,kg
red chilli padi,9e2a803e-3fc5-43fb-b7d6-139ae91dd72c_6da04e2b-e9e9-5cc4-8227-a5b19b91b936_07e6ca75-ea62-4fad-afa1-e11b03a2071f,market for chilli,0.230959987,kg,1,kg
oyster,,,,,,
gingerbread syrup,,,,,,
sardines in tomato sauce,,,,,,
french fry,,,,,,
broiler chicken,a714b4fb-4fc2-40e3-b5c7-62209dacf63a_2da20646-8adf-460b-bd65-c9fc35494b66_07e6ca75-ea62-4fad-afa1-e11b03a2071f,"market for chicken for slaughtering, live weight",2.444632694,kg,1,kg
whole grain baguette,,,,,,
green cardamom seed,,,,,,
maraschino cherry juice,,,,,,
barbecued beef,,,,,,
habanero pepper,9e2a803e-3fc5-43fb-b7d6-139ae91dd72c_6da04e2b-e9e9-5cc4-8227-a5b19b91b936_07e6ca75-ea62-4fad-afa1-e11b03a2071f,market for chilli,0.230959987,kg,1,kg
dry pasta shell macaroni,,,,,,
colored crystal sugar,a7edce37-6252-45bf-9c3f-62a56e0d79d7_601aa448-72b2-4c2c-a05a-e185516d62a1_07e6ca75-ea62-4fad-afa1-e11b03a2071f,"market for sugar, from sugarcane",0.844260073,kg,1,kg
rock cornish hen,a714b4fb-4fc2-40e3-b5c7-62209dacf63a_2da20646-8adf-460b-bd65-c9fc35494b66_07e6ca75-ea62-4fad-afa1-e11b03a2071f,"market for chicken for slaughtering, live weight",2.444632694,kg,1,kg
pita bread round,,,,,,
bread bowl,,,,,,
dark molass,0ff0521e-6598-47c3-a5d4-1b5afbee651c_26448127-c1ac-4f48-818a-5e8fd9cb1645_07e6ca75-ea62-4fad-afa1-e11b03a2071f,"market for molasses, from sugar beet",0.056047878,kg,1,kg
apricot fruit spread,,,,,,
tuna in brine,,,,,,
lean stew meat,7ca37a8a-c233-427a-beb9-0e87e943526f_2c9ff48f-b3da-440d-8502-15b14bfbb150_07e6ca75-ea62-4fad-afa1-e11b03a2071f,"market for red meat, live weight",16.44247162,kg,1,kg
olive bread,,,,,,
non-creamy horseradish,,,,,,
spaghettus,,,,,,
candy,,,,,,
ground hazelnut,,,,,,
garlic & herb cheese,,,,,,
anise liqueur,,,,,,
red lentil,5f1ba7e7-d0da-4603-b0f9-244fe1eee88b_4783e92c-7b3b-5227-8270-18e215988fcc_07e6ca75-ea62-4fad-afa1-e11b03a2071f,market for lentil,0.771483329,kg,1,kg
pignoli,,,,,,
frozen rhubarb,,,,,,
parmesan-romano cheese mix,,,,,,
berry,,,,,,
small onion,ec3da8f3-f6fd-4421-b153-ae40f27b5188_1945897f-c0a2-4dbf-8397-9fd93e6a9445_07e6ca75-ea62-4fad-afa1-e11b03a2071f,market for onion,0.323529993,kg,1,kg
sorghum flmy,38350bd8-afe5-4526-a29b-9b7309f532fe_693d6795-b325-4ac0-af34-9ceda82a44fe_07e6ca75-ea62-4fad-afa1-e11b03a2071f,market for sweet sorghum grain,0.227221495,kg,1,kg
korma paste,,,,,,
tomato relish,,,,,,
coleman's dry mustard,4bc3b6d0-7d4e-446b-9092-e8dbcc8cc1eb_315e2112-33e3-431d-891c-58a24fee409f_07e6ca75-ea62-4fad-afa1-e11b03a2071f,market for mustard,2.12646028,kg,1,kg
red pearl onion,ec3da8f3-f6fd-4421-b153-ae40f27b5188_1945897f-c0a2-4dbf-8397-9fd93e6a9445_07e6ca75-ea62-4fad-afa1-e11b03a2071f,market for onion,0.323529993,kg,1,kg
jelly bean,,,,,,
carrot,2447f8d2-3f81-49c5-a158-1fb466e2120b_ed50040b-8630-4560-9b12-dd6cb2c9d741_07e6ca75-ea62-4fad-afa1-e11b03a2071f,market for carrot,0.251401293,kg,1,kg
dill weed,,,,,,
mint chip,,,,,,
onion roasted garlic soup mix,,,,,,
choko,,,,,,
mexican chili powder,,,,,,
liquid dish soap,0a314b39-05dd-4cd1-92ac-b245b0910122_3372cdea-bef5-4186-9ae6-b67a016aa67d_07e6ca75-ea62-4fad-afa1-e11b03a2071f,market for soap,5.251174775,kg,1,kg
king crab meat,,,,,,
litchi,,,,,,
baker's chocolate,,,,,,
pork side rib,7ca37a8a-c233-427a-beb9-0e87e943526f_2c9ff48f-b3da-440d-8502-15b14bfbb150_07e6ca75-ea62-4fad-afa1-e11b03a2071f,"market for red meat, live weight",16.44247162,kg,1,kg
baked beans in tomato sauce,,,,,,
masa dough,,,,,,
frozen cheese tortellini,,,,,,
shrimp paste,,,,,,
vodka sauce,,,,,,
walleye,,,,,,
au gratin potato,,,,,,
large egg,,,,,,
wine-cured sauerkraut,,,,,,
popcorn chicken,,,,,,
green chily,,,,,,
cornmeal,796e919e-1c68-4bd8-a357-3bc945c54c6d_dadc7057-9041-4fae-893c-20aba9725f29_07e6ca75-ea62-4fad-afa1-e11b03a2071f,market for maize grain,0.555809351,kg,1,kg
beef sirloin steak,7ca37a8a-c233-427a-beb9-0e87e943526f_2c9ff48f-b3da-440d-8502-15b14bfbb150_07e6ca75-ea62-4fad-afa1-e11b03a2071f,"market for red meat, live weight",16.44247162,kg,1,kg
velveeta pepper jack cheese,3b2a7b5b-b904-43a2-864d-ab9111d83883_e35863ed-da3f-4255-a90d-623066f43fd3_07e6ca75-ea62-4fad-afa1-e11b03a2071f,"market for cheese, from cow milk, fresh, unripened",12.48580648,kg,1,kg
english toffee,,,,,,
banana pepper,,,,,,
apple pie spice,,,,,,
grands refrigerated buttermilk biscuit,,,,,,
nopale,,,,,,
shelled pistachio,,,,,,
fish cake,,,,,,
tarragon vinegar,,,,,,
pie crust,,,,,,
mountain pepper,,,,,,
frozen pound cake,,,,,,
rag pasta sauce,,,,,,
dried hijiki seaweed,,,,,,
pecan half,,,,,,
sour mix,,,,,,
whole mixed pickling spice,,,,,,
black olife,,,,,,
whole wheat hoagie roll,,,,,,
goldschlager,,,,,,
corned beef,,,,,,
white fish fillet,,,,,,
saffron,,,,,,
black walnuting,,,,,,
danish blue cheese,,,,,,
spiral shaped pastum,,,,,,
cuervo tequila,,,,,,
sweet red pepper strip,65fcd3cc-40ef-4833-8f3a-489d49f37f26_98813ba1-c1a0-469d-99e0-6f2d8453c47d_07e6ca75-ea62-4fad-afa1-e11b03a2071f,market for bell pepper,2.220600128,kg,1,kg
tea,3f6d0090-fb8d-4637-a65f-87f975facb4e_1942f3d1-fad9-43da-a657-d5920c804cd6_07e6ca75-ea62-4fad-afa1-e11b03a2071f,"market for tea, dried",2.029453679,kg,1,kg
backfin crab meat,,,,,,
chicken leg meat,a714b4fb-4fc2-40e3-b5c7-62209dacf63a_2da20646-8adf-460b-bd65-c9fc35494b66_07e6ca75-ea62-4fad-afa1-e11b03a2071f,"market for chicken for slaughtering, live weight",2.444632694,kg,1,kg
ground mustard,,,,,,
refrigerated sugar cookie dough,,,,,,
cinnamon-raisin bread,,,,,,
soft tofu,59514d53-7901-4892-8bea-7595ab05265d_880a4a66-9bfb-4830-9a5b-6a4502cbff78_07e6ca75-ea62-4fad-afa1-e11b03a2071f,market for tofu,1.199968329,kg,1,kg
milk chocolate candy,,,,,,
seasoned sea salt,,,,,,
lean chicken,a714b4fb-4fc2-40e3-b5c7-62209dacf63a_2da20646-8adf-460b-bd65-c9fc35494b66_07e6ca75-ea62-4fad-afa1-e11b03a2071f,"market for chicken for slaughtering, live weight",2.444632694,kg,1,kg
beef top round steak,7ca37a8a-c233-427a-beb9-0e87e943526f_2c9ff48f-b3da-440d-8502-15b14bfbb150_07e6ca75-ea62-4fad-afa1-e11b03a2071f,"market for red meat, live weight",16.44247162,kg,1,kg
cool whip free,,,,,,
milk chocolate kiss,,,,,,
white sauce mix,,,,,,
frozen tart shell,,,,,,
cooked short-grain white rice,,,,,,
maize flmy,0d43e95e-26da-4b92-8cb1-9c3e2436ee53_5e5e458a-c9d5-4bce-80d2-3633fb8fd0c7_07e6ca75-ea62-4fad-afa1-e11b03a2071f,market for maize flour,0.867786581,kg,1,kg
black raspberry,,,,,,
cashew piece,,,,,,
hot coffee,,,,,,
spinach linguine,,,,,,
pistachio ice cream,,,,,,
cashew half,,,,,,
sambal oelek,,,,,,
raspberry preserve,,,,,,
pot sticker,,,,,,
fresh portabella mushroom,,,,,,
raw potato,c4a9f9f1-435c-47d4-9842-fd053c365d69_155158d0-d566-487e-bfae-fff465d5dc52_07e6ca75-ea62-4fad-afa1-e11b03a2071f,market for potato,0.336006274,kg,1,kg
unbaked pie shell,,,,,,
maraschino cherry,,,,,,
rib,7ca37a8a-c233-427a-beb9-0e87e943526f_2c9ff48f-b3da-440d-8502-15b14bfbb150_07e6ca75-ea62-4fad-afa1-e11b03a2071f,"market for red meat, live weight",16.44247162,kg,1,kg
chinese sesame paste,,,,,,
white lily self-rising flmy,,,,,,
cut green bean,,,,,,
vanilla ice milk,,,,,,
refrigerated flaky biscuit,,,,,,
ground chocolate,,,,,,
frozen white bread dough,,,,,,
hot salt,,,,,,
pak chous,,,,,,
spice mix,,,,,,
hawaiian punch drink,,,,,,
firm peach,e25df519-84fa-4e04-b4d6-e53a51ad749e_30df3cb7-d389-4007-a172-ad89e98c3270_07e6ca75-ea62-4fad-afa1-e11b03a2071f,market for peach,0.449046846,kg,1,kg
vanilla greek yogurt,,,,,,
swirled holiday morsel,,,,,,
purple basil,,,,,,
vanilla sugar,,,,,,
diet pepsi,,,,,,
raw mushroom,,,,,,
lemon frosting,,,,,,
cupcake,,,,,,
soy lecithin,,,,,,
macadamia half,,,,,,
trail mix,,,,,,
roasted almond,,,,,,
filet mignon steak,7ca37a8a-c233-427a-beb9-0e87e943526f_2c9ff48f-b3da-440d-8502-15b14bfbb150_07e6ca75-ea62-4fad-afa1-e11b03a2071f,"market for red meat, live weight",16.44247162,kg,1,kg
carob powder,,,,,,
hardboiled egg,,,,,,
stewed tomato,,,,,,
curry sauce,,,,,,
ahi tuna steak,,,,,,
chow mein noodle,,,,,,
tiger sauce,,,,,,
canned beet,,,,,,
guinness stout,,,,,,
dry ice,,,,,,
sweet onion,ec3da8f3-f6fd-4421-b153-ae40f27b5188_1945897f-c0a2-4dbf-8397-9fd93e6a9445_07e6ca75-ea62-4fad-afa1-e11b03a2071f,market for onion,0.323529993,kg,1,kg
light peach yogurt,,,,,,
stewing lamb,,,,,,
mixed seed,,,,,,
au jus sauce,,,,,,
sourdough starter,,,,,,
cooked turkey,,,,,,
red chili seed,9e2a803e-3fc5-43fb-b7d6-139ae91dd72c_6da04e2b-e9e9-5cc4-8227-a5b19b91b936_07e6ca75-ea62-4fad-afa1-e11b03a2071f,market for chilli,0.230959987,kg,1,kg
tiger shrimp,,,,,,
light monterey jack cheese,,,,,,
lime peel,8ce0855c-73a9-4474-8612-9ce0bfae1457_a00b7e35-1bc7-4b73-9df8-05f3dd07ffdb_07e6ca75-ea62-4fad-afa1-e11b03a2071f,market for lime,0.024549857,kg,1,kg
banana extract,,,,,,
orange gelatin,,,,,,
tapioca starch,,,,,,
coconut pudding mix,,,,,,
canned spinach,,,,,,
soya milk,dab649af-3a9d-41f3-b120-0884a3bf4e0f_5ee7638a-fd4c-4290-a7eb-8fb7821d891e_07e6ca75-ea62-4fad-afa1-e11b03a2071f,market for soybean beverage,0.347871592,kg,1,l
powdered nondairy creamer,,,,,,
stella doro anginetti cookies,,,,,,
dried mission fig,,,,,,
old fashioned oat,18a75664-a503-4b99-87be-e11557cb81f1_396098c0-2dd0-4987-84e3-cd12a3b521b7_07e6ca75-ea62-4fad-afa1-e11b03a2071f,market for oat grain,0.726827058,kg,1,kg
guinness draught,,,,,,
red snapper,3a41b03d-215c-4b05-b63c-e6ed052e8fdf_cdbf0bef-39f7-46c8-87a2-3f9f679b5bb7_07e6ca75-ea62-4fad-afa1-e11b03a2071f,"market for demersal fish, fresh",2.115661706,kg,1,kg
anisette,,,,,,
candied citron peel,,,,,,
instant butter pecan pudding mix,,,,,,
short rib of beef,7ca37a8a-c233-427a-beb9-0e87e943526f_2c9ff48f-b3da-440d-8502-15b14bfbb150_07e6ca75-ea62-4fad-afa1-e11b03a2071f,"market for red meat, live weight",16.44247162,kg,1,kg
roasted cashew,,,,,,
whole wheat rotini,,,,,,
tasty cheese,3b2a7b5b-b904-43a2-864d-ab9111d83883_e35863ed-da3f-4255-a90d-623066f43fd3_07e6ca75-ea62-4fad-afa1-e11b03a2071f,"market for cheese, from cow milk, fresh, unripened",12.48580648,kg,1,kg
vanilla coffee syrup,,,,,,
turkey bone,e4c435a2-1b31-48dd-8f06-65a0042dc30f_9e36204d-dec9-4fb1-98d6-d84febd5df2c_07e6ca75-ea62-4fad-afa1-e11b03a2071f,market for meat and bone meal,0.003887678,kg,1,kg
rosemary,,,,,,
round rice paper sheet,,,,,,
vanilla essence,6dbe6cff-ce81-4f84-9316-89475c0e0659_43fdfa7d-a9ad-4919-8368-e82a9142101b_07e6ca75-ea62-4fad-afa1-e11b03a2071f,market for vanilla,13.44575158,kg,1,kg
rice wine vinegar,,,,,,
red currant jelly,,,,,,
parsnip,,,,,,
corn beef hash,,,,,,
vegetable juice,,,,,,
instant minced garlic,,,,,,
chicken stove top stuffing mix,,,,,,
picante salsa,,,,,,
mocha instant coffee,,,,,,
honey roasted turkey breast,,,,,,
gelatin powder,,,,,,
deep fat,,,,,,
grain cereal,,,,,,
baby spinach leaf,83a42235-1028-4d5c-8819-4ef04fa10b26_a47ddfcf-af07-4c1a-9914-1e30c941cd19_07e6ca75-ea62-4fad-afa1-e11b03a2071f,market for spinach,0.22631143,kg,1,kg
gemelli pastum,,,,,,
quick curing salt,6c34933e-aeb2-4360-a8ea-13bd85e9d0cb_93015ba0-863d-4535-be49-8a1b16b71782_07e6ca75-ea62-4fad-afa1-e11b03a2071f,market for salt,0.042563983,kg,1,kg
raspberry sorbet,,,,,,
flat leaf parsley,,,,,,
wattleseed,,,,,,
lean pork loin,94630534-5fdd-4ab5-b65d-9fad003636d1_b458d873-946b-468f-b6bf-cdfdf6e0164f_07e6ca75-ea62-4fad-afa1-e11b03a2071f,"market for swine for slaughtering, live weight",8.271383352,kg,1,kg
sweet red pepper,65fcd3cc-40ef-4833-8f3a-489d49f37f26_98813ba1-c1a0-469d-99e0-6f2d8453c47d_07e6ca75-ea62-4fad-afa1-e11b03a2071f,market for bell pepper,2.220600128,kg,1,kg
arrack liqueur,,,,,,
chipotle mustard,,,,,,
fresh cilantro stem,f4308d96-2bdf-4b0a-8196-7c171c5ebaaf_22cdbdf8-05c7-4410-9eff-7b12ff1877b3_07e6ca75-ea62-4fad-afa1-e11b03a2071f,market for coriander,0.205071438,kg,1,kg
dried navy bean,,,,,,
k cereal,,,,,,
frozen peppers and onion,,,,,,
date syrup,,,,,,
orange slouse,,,,,,
french fried onion ring,,,,,,
onion powder,,,,,,
butter-nuting,,,,,,
pork rind,,,,,,
peppermint syrup,,,,,,
dark soya sauce,,,,,,
celery powder,,,,,,
light hamburger bun,,,,,,
unsifted flmy,,,,,,
stone-ground white cornmeal,,,,,,
bruschettum,,,,,,
sour orange juice,,,,,,
chicken base,,,,,,
fresh rose petal,,,,,,
beefy mushroom soup,,,,,,
saltine,,,,,,
crisp bacon,,,,,,
chicken noodle soup mix,,,,,,
soft white bread cube,,,,,,
red maraschino cherry,,,,,,
whey protein powder,71123d00-98ef-4ced-bb69-3e0243063608_714ddb02-26ff-4e89-9648-a83aba628628_07e6ca75-ea62-4fad-afa1-e11b03a2071f,market for whey,0.135610143,kg,1,kg
baby lima bean,,,,,,
ice water,,,,,,
glace ginger,,,,,,
chocolate bar,,,,,,
lemonade,,,,,,
canned black bean,,,,,,
tom kha paste,,,,,,
light cottage cheese,3b2a7b5b-b904-43a2-864d-ab9111d83883_e35863ed-da3f-4255-a90d-623066f43fd3_07e6ca75-ea62-4fad-afa1-e11b03a2071f,"market for cheese, from cow milk, fresh, unripened",12.48580648,kg,1,kg
chicken quarter,a714b4fb-4fc2-40e3-b5c7-62209dacf63a_2da20646-8adf-460b-bd65-c9fc35494b66_07e6ca75-ea62-4fad-afa1-e11b03a2071f,"market for chicken for slaughtering, live weight",2.444632694,kg,1,kg
cake decorating gel,,,,,,
orange sherbet,,,,,,
sucanat,,,,,,
ears of corn,d28caba3-32e4-4896-8cef-38a45a6adb99_d86548c8-a433-44a0-91ba-073c2227b627_07e6ca75-ea62-4fad-afa1-e11b03a2071f,market for sweet corn,0.276942777,kg,1,kg
whole duck,,,,,,
dungeness crabmeat,,,,,,
diced onion,,,,,,
dried chipotle powder,,,,,,
tortellini,,,,,,
apricot puree,,,,,,
praline sauce,,,,,,
fine breadcrumb,a5fc7f30-04ba-49c7-a292-394a21989a5c_dca5d4c8-0e53-4f11-9df5-418e30a0e49f_07e6ca75-ea62-4fad-afa1-e11b03a2071f,market for breadcrumbs,1.100980617,kg,1,kg
lean stewing beef,7ca37a8a-c233-427a-beb9-0e87e943526f_2c9ff48f-b3da-440d-8502-15b14bfbb150_07e6ca75-ea62-4fad-afa1-e11b03a2071f,"market for red meat, live weight",16.44247162,kg,1,kg
beef chuck shoulder pot roast,,,,,,
cabernet sauvignon wine,,,,,,
white vermouth,,,,,,
french bean,,,,,,
wine,,,,,,
vanilla cupcake,,,,,,
whole grain sandwich roll,,,,,,
mint creme-filled chocolate sandwich cookies,,,,,,
coriander leaf,f4308d96-2bdf-4b0a-8196-7c171c5ebaaf_22cdbdf8-05c7-4410-9eff-7b12ff1877b3_07e6ca75-ea62-4fad-afa1-e11b03a2071f,market for coriander,0.205071438,kg,1,kg
radish sprout,,,,,,
calimyrna fig,,,,,,
turkey gravy mix,,,,,,
oatmeal cookie mix,,,,,,
chicken soup,,,,,,
amarula cream liqueur,,,,,,
blueberry juice,,,,,,
butter cracker crumb,,,,,,
small squid,,,,,,
unsweetened dark chocolate,,,,,,
light cheese,3b2a7b5b-b904-43a2-864d-ab9111d83883_e35863ed-da3f-4255-a90d-623066f43fd3_07e6ca75-ea62-4fad-afa1-e11b03a2071f,"market for cheese, from cow milk, fresh, unripened",12.48580648,kg,1,kg
wheat flmy,f093980d-8055-4013-820c-54c63111d693_0201ee86-f71b-4457-8fe8-79f3ed720b07_07e6ca75-ea62-4fad-afa1-e11b03a2071f,market for wheat grain,0.600495961,kg,1,kg
granny smith apple,05ea603a-801e-4a21-bff6-30472d63b1a1_1c819f15-1202-4fa9-8ef9-72196c2dfb85_07e6ca75-ea62-4fad-afa1-e11b03a2071f,market for apple,0.319430888,kg,1,kg
deli chicken,,,,,,
erythritol,,,,,,
almond butter,,,,,,
onion soup base,,,,,,
fruit cocktail,,,,,,
zatarain's jambalaya mix,,,,,,
light raisin,,,,,,
purple bell pepper,65fcd3cc-40ef-4833-8f3a-489d49f37f26_98813ba1-c1a0-469d-99e0-6f2d8453c47d_07e6ca75-ea62-4fad-afa1-e11b03a2071f,market for bell pepper,2.220600128,kg,1,kg
wheat flake,,,,,,
tofu crumble,,,,,,
coconut butter,,,,,,
condensed cream of asparagus soup,,,,,,
fresh jalapeno pepper,9e2a803e-3fc5-43fb-b7d6-139ae91dd72c_6da04e2b-e9e9-5cc4-8227-a5b19b91b936_07e6ca75-ea62-4fad-afa1-e11b03a2071f,market for chilli,0.230959987,kg,1,kg
split chickpea,,,,,,
baby eggplant,,,,,,
beef stew meat,7ca37a8a-c233-427a-beb9-0e87e943526f_2c9ff48f-b3da-440d-8502-15b14bfbb150_07e6ca75-ea62-4fad-afa1-e11b03a2071f,"market for red meat, live weight",16.44247162,kg,1,kg
mandarin orange juice,,,,,,
boca meatless ground burger,,,,,,
rack of lamb,1cd0307c-4575-4e53-9299-a81c76f4eee9_2a80aed2-53c0-4eaa-bae1-829394a7cb32_07e6ca75-ea62-4fad-afa1-e11b03a2071f,"market for sheep for slaughtering, live weight",8.700476897,kg,1,kg
bok choy,,,,,,
soft cheese,3b2a7b5b-b904-43a2-864d-ab9111d83883_e35863ed-da3f-4255-a90d-623066f43fd3_07e6ca75-ea62-4fad-afa1-e11b03a2071f,"market for cheese, from cow milk, fresh, unripened",12.48580648,kg,1,kg
mandarin orange liquid,,,,,,
strawberry banana gelatin,,,,,,
rice vinegar,,,,,,
powdered fruit pectin,,,,,,
raw cranberry,,,,,,
crispy brown rice cereal,,,,,,
phyllo pastry sheet,,,,,,
quorn piece,,,,,,
gummy fish,,,,,,
dark chocolate confectionary coating,,,,,,
butternut squash,,,,,,
pear liqueur,,,,,,
cheddar,3b2a7b5b-b904-43a2-864d-ab9111d83883_e35863ed-da3f-4255-a90d-623066f43fd3_07e6ca75-ea62-4fad-afa1-e11b03a2071f,"market for cheese, from cow milk, fresh, unripened",12.48580648,kg,1,kg
roasted sesame seed,,,,,,
ground red pepper,,,,,,
tangerine zest,,,,,,
supreme brownie mix,,,,,,
spelt,,,,,,
chocolate-covered mint candy,,,,,,
tea bag,3f6d0090-fb8d-4637-a65f-87f975facb4e_1942f3d1-fad9-43da-a657-d5920c804cd6_07e6ca75-ea62-4fad-afa1-e11b03a2071f,"market for tea, dried",2.029453679,kg,1,kg
ruby port,,,,,,
frozen pearl onion,,,,,,
peameal bacon,,,,,,
turkey chili,9e2a803e-3fc5-43fb-b7d6-139ae91dd72c_6da04e2b-e9e9-5cc4-8227-a5b19b91b936_07e6ca75-ea62-4fad-afa1-e11b03a2071f,market for chilli,0.230959987,kg,1,kg
green sugar crystal,,,,,,
dried fennel seed,,,,,,
chinese rice wine,,,,,,
homogenized milk,f67df283-c41e-4691-8461-16e141d0f29f_a3ee1ec6-ce17-430e-a475-f98f1b2890d2_07e6ca75-ea62-4fad-afa1-e11b03a2071f,market for cow milk,1.630003833,kg,1,kg
cooked turkey bacon,,,,,,
cheese soup,,,,,,
tomato,b72d9580-130e-4d3b-9392-ec67c00f4b35_34967617-78b9-4120-9fbc-b8bf2d3c115b_07e6ca75-ea62-4fad-afa1-e11b03a2071f,"market for tomato, fresh grade",0.519773113,kg,1,kg
fish curry powder,,,,,,
breast of turkey,,,,,,
sweet white wine,,,,,,
's baking chocolate,,,,,,
all-bran cereal,,,,,,
sour cream and onion potato chip,,,,,,
pierogi,,,,,,
pizza topping,,,,,,
blackberry yogurt,,,,,,
turkey chop,,,,,,
garlic bread,,,,,,
cardamom powder,,,,,,
liquid honey,,,,,,
green tea bag,3f6d0090-fb8d-4637-a65f-87f975facb4e_1942f3d1-fad9-43da-a657-d5920c804cd6_07e6ca75-ea62-4fad-afa1-e11b03a2071f,"market for tea, dried",2.029453679,kg,1,kg
dark corn syrup,,,,,,
shredded wheat cereal,,,,,,
refrigerated crusty french loaf,,,,,,
stock cube,,,,,,
truffle butter,,,,,,
blackberry,,,,,,
white-fleshed fish,3a41b03d-215c-4b05-b63c-e6ed052e8fdf_cdbf0bef-39f7-46c8-87a2-3f9f679b5bb7_07e6ca75-ea62-4fad-afa1-e11b03a2071f,"market for demersal fish, fresh",2.115661706,kg,1,kg
cherry pie filling,,,,,,
turkey stuffing,,,,,,
saffron thread,,,,,,
natural cane sugar,a7edce37-6252-45bf-9c3f-62a56e0d79d7_601aa448-72b2-4c2c-a05a-e185516d62a1_07e6ca75-ea62-4fad-afa1-e11b03a2071f,"market for sugar, from sugarcane",0.844260073,kg,1,kg
sirloin steak,7ca37a8a-c233-427a-beb9-0e87e943526f_2c9ff48f-b3da-440d-8502-15b14bfbb150_07e6ca75-ea62-4fad-afa1-e11b03a2071f,"market for red meat, live weight",16.44247162,kg,1,kg
vegetarian oyster sauce,,,,,,
"orange, zest of",,,,,,
speck,,,,,,
mutton,1cd0307c-4575-4e53-9299-a81c76f4eee9_2a80aed2-53c0-4eaa-bae1-829394a7cb32_07e6ca75-ea62-4fad-afa1-e11b03a2071f,"market for sheep for slaughtering, live weight",8.700476897,kg,1,kg
ham dripping,,,,,,
lean ground chuck,,,,,,
fresh chestnut,,,,,,
russet potato,c4a9f9f1-435c-47d4-9842-fd053c365d69_155158d0-d566-487e-bfae-fff465d5dc52_07e6ca75-ea62-4fad-afa1-e11b03a2071f,market for potato,0.336006274,kg,1,kg
cheese sauce mix,,,,,,
frosting,,,,,,
distilled white vinegar,,,,,,
"blood orange, juice of",,,,,,
smoked trout fillet,,,,,,
turkey broth,,,,,,
dessert pear,,,,,,
orange spice tea bag,,,,,,
eel,,,,,,
whole trout,2609af2f-696e-4670-9b27-602bc3144fde_8349c9d1-7a60-46f6-98d8-ec0f48ae5310_07e6ca75-ea62-4fad-afa1-e11b03a2071f,market for trout,2.405581457,kg,1,kg
garlic flake,,,,,,
piquillo pepper,,,,,,
cantal cheese,3b2a7b5b-b904-43a2-864d-ab9111d83883_e35863ed-da3f-4255-a90d-623066f43fd3_07e6ca75-ea62-4fad-afa1-e11b03a2071f,"market for cheese, from cow milk, fresh, unripened",12.48580648,kg,1,kg
rome apple,05ea603a-801e-4a21-bff6-30472d63b1a1_1c819f15-1202-4fa9-8ef9-72196c2dfb85_07e6ca75-ea62-4fad-afa1-e11b03a2071f,market for apple,0.319430888,kg,1,kg
demi-glace,,,,,,
chocolate whey protein powder,,,,,,
parsley,,,,,,
san marzano tomato,d5755bcc-4d60-42d3-ab28-35e852627be3_03cc9df9-29e5-4ee0-8bff-a70999caffbf_07e6ca75-ea62-4fad-afa1-e11b03a2071f,"market for tomato, processing grade",0.237464718,kg,1,kg
buckwheat noodle,,,,,,
cool whip topping,564e1504-faaa-4ffb-a823-3351653311dc_e205cf62-396d-488a-8e2f-71344bbee1aa_07e6ca75-ea62-4fad-afa1-e11b03a2071f,"market for cream, from cow milk",2.52819913,kg,1,kg
assorted fresh vegetable,,,,,,
garbanzo bean,,,,,,
evaporated skim milk,5ff3fb28-4350-4a37-9f1d-781c8c92a6f2_78b3da46-af34-4517-a952-cb828f76e1c2_07e6ca75-ea62-4fad-afa1-e11b03a2071f,market for evaporation of milk,0.020063374,kg,1,kg
almond toffee bit,,,,,,
tripe,,,,,,
coffee yogurt,,,,,,
honey graham cracker,,,,,,
pawpaw,95717046-a131-49b3-b14b-b938653461dc_7f758dea-2473-4400-a8ed-349bc95e2deb_07e6ca75-ea62-4fad-afa1-e11b03a2071f,market for papaya,0.272742405,kg,1,kg
tequila,,,,,,
plain bar,,,,,,
besan,,,,,,
grilled chicken,,,,,,
yoshida sauce,,,,,,
refrigerated white chocolate chip macadamia nut cookie dough,,,,,,
turkey breast cutlet,,,,,,
chili-garlic sauce,,,,,,
star anise,,,,,,
pineapple slices in syrup,,,,,,
ature dark chocolate chip,,,,,,
head of garlic,,,,,,
lightly sweetened whipped cream,,,,,,
pomegranate juice,,,,,,
date sugar,,,,,,
garlic and cheese crouton,,,,,,
paprika paste,,,,,,
apple,05ea603a-801e-4a21-bff6-30472d63b1a1_1c819f15-1202-4fa9-8ef9-72196c2dfb85_07e6ca75-ea62-4fad-afa1-e11b03a2071f,market for apple,0.319430888,kg,1,kg
gruyere cheese,,,,,,
marlin steak,,,,,,
pisco,,,,,,
instant pistachio pudding mix,,,,,,
strong coffee,ac979b92-94ef-4228-a6dd-b4f03f563261_42193bba-bf84-4490-8c69-b6e23048e73d_07e6ca75-ea62-4fad-afa1-e11b03a2071f,"market for coffee, green bean",7.107818888,kg,1,kg
evaporated cane juice,,,,,,
poppy seed roll,,,,,,
hard-shelled clam,,,,,,
dried rosemary,,,,,,
dry whole grain breadcrumb,a5fc7f30-04ba-49c7-a292-394a21989a5c_dca5d4c8-0e53-4f11-9df5-418e30a0e49f_07e6ca75-ea62-4fad-afa1-e11b03a2071f,market for breadcrumbs,1.100980617,kg,1,kg
barley,51572e03-1857-42ec-9529-7f8c29d49594_3f6dada9-2497-4e1c-9e1b-eabafa6920f8_07e6ca75-ea62-4fad-afa1-e11b03a2071f,market for barley grain,0.520886683,kg,1,kg
chocolate leaf,,,,,,
chocolate instant pudding and pie filling mix,,,,,,
fresh sweet basil leaf,,,,,,
canned anchovy fillet,,,,,,
flower pot,,,,,,
nilla wafer crumb,,,,,,
dory fillet,,,,,,
15 bean mix,,,,,,
ponzu sauce,,,,,,
pork & bean,,,,,,
fruit pectin,,,,,,
squash blossom,,,,,,
barberry,,,,,,
cooked brown rice,,,,,,
honey ham,,,,,,
walleyed pike fillet,,,,,,
coriander root,f4308d96-2bdf-4b0a-8196-7c171c5ebaaf_22cdbdf8-05c7-4410-9eff-7b12ff1877b3_07e6ca75-ea62-4fad-afa1-e11b03a2071f,market for coriander,0.205071438,kg,1,kg
hazelnut nondairy liquid coffee creamer,,,,,,
pigs tail,,,,,,
tap water,1777d5da-1048-44bf-be57-5d8efdcd419e_c5adb1fb-872e-4446-a3bb-c4b61aa4bd45_07e6ca75-ea62-4fad-afa1-e11b03a2071f,market for tap water,7.66E-05,kg,1,kg
collard green,,,,,,
egg roll,,,,,,
nori sushi sheet,,,,,,
dried red pepper,,,,,,
papaya,95717046-a131-49b3-b14b-b938653461dc_7f758dea-2473-4400-a8ed-349bc95e2deb_07e6ca75-ea62-4fad-afa1-e11b03a2071f,market for papaya,0.272742405,kg,1,kg
brown rice miso,,,,,,
alum,,,,,,
moo shu pancake,,,,,,
grape gelatin,,,,,,
frozen butternut squash,,,,,,
tartaric,,,,,,
lollipop,,,,,,
canned chicken,,,,,,
waffle,,,,,,
italian pastina,,,,,,
blueberry vodka,,,,,,
lamb neck chop,1cd0307c-4575-4e53-9299-a81c76f4eee9_2a80aed2-53c0-4eaa-bae1-829394a7cb32_07e6ca75-ea62-4fad-afa1-e11b03a2071f,"market for sheep for slaughtering, live weight",8.700476897,kg,1,kg
crushed unsweetened pineapple,,,,,,
fiddlehead,,,,,,
veal chop,7ca37a8a-c233-427a-beb9-0e87e943526f_2c9ff48f-b3da-440d-8502-15b14bfbb150_07e6ca75-ea62-4fad-afa1-e11b03a2071f,"market for red meat, live weight",16.44247162,kg,1,kg
pizza dough mix,,,,,,
tomatillo,,,,,,
sure-jell,,,,,,
tomatoes in puree,,,,,,
chocolate syrup,,,,,,
prune juice,,,,,,
meatloaf,,,,,,
creme-filled chocolate sandwich cookies,,,,,,
cake crumb,,,,,,
vegetarian bouillon powder,,,,,,
whole wheat flmy,0090bce8-3e50-446d-af0b-9cc5dc427b9a_c7b1f264-abe2-47c4-8fcf-db3229228485_07e6ca75-ea62-4fad-afa1-e11b03a2071f,market for wheat flour,0.739714579,kg,1,kg
red wine vinegar,,,,,,
golden caster sugar,a7edce37-6252-45bf-9c3f-62a56e0d79d7_601aa448-72b2-4c2c-a05a-e185516d62a1_07e6ca75-ea62-4fad-afa1-e11b03a2071f,"market for sugar, from sugarcane",0.844260073,kg,1,kg
veal scallopini,,,,,,
boboli whole wheat pizza crust,,,,,,
chili flake,,,,,,
blueberries in light syrup,,,,,,
clove,,,,,,
pineapple topping,,,,,,
cholesterol-free egg substitute,,,,,,
frozen petits poi,,,,,,
vegetable seasoning,,,,,,
frozen vegetable,,,,,,
"tangerine, zest of",,,,,,
vanilla pudding,,,,,,
green tomato relish,,,,,,
trix cereal,,,,,,
plain sweet biscuit,,,,,,
frozen dinner roll,,,,,,
zucchini,bb6521f4-6b41-4f41-bdda-32a31a194892_46df2ebd-bd0c-486b-abd3-cfe904195502_07e6ca75-ea62-4fad-afa1-e11b03a2071f,market for zucchini,0.315402265,kg,1,kg
center cut pork chop,7ca37a8a-c233-427a-beb9-0e87e943526f_2c9ff48f-b3da-440d-8502-15b14bfbb150_07e6ca75-ea62-4fad-afa1-e11b03a2071f,"market for red meat, live weight",16.44247162,kg,1,kg
black tea leaf,3f6d0090-fb8d-4637-a65f-87f975facb4e_1942f3d1-fad9-43da-a657-d5920c804cd6_07e6ca75-ea62-4fad-afa1-e11b03a2071f,"market for tea, dried",2.029453679,kg,1,kg
rice powder,,,,,,
chicken stock cube,,,,,,
toasted sesame oil,,,,,,
fresh meyer lemon juice,,,,,,
boar,94630534-5fdd-4ab5-b65d-9fad003636d1_b458d873-946b-468f-b6bf-cdfdf6e0164f_07e6ca75-ea62-4fad-afa1-e11b03a2071f,"market for swine for slaughtering, live weight",8.271383352,kg,1,kg
smirnoff no.21 vodka,,,,,,
ro-tel tomato,,,,,,
palm oil,2c2fed02-fe60-4f82-8e63-73803fd1caa8_17e163ef-4e16-4368-83f3-9d6faaf6ae3b_07e6ca75-ea62-4fad-afa1-e11b03a2071f,"market for palm oil, crude",2.411482997,kg,1,kg
dried lavender,,,,,,
portuguese bread,,,,,,
cajun-louisiana seasoning blend,,,,,,
whole wheat self-rising flmy,,,,,,
baking chocolate,,,,,,
avocado,b79977ee-975b-4534-a80e-f110c39286c5_dea57f7f-311e-4659-acde-df219917df6c_07e6ca75-ea62-4fad-afa1-e11b03a2071f,market for avocado,0.752396518,kg,1,kg
malt vinegar,,,,,,
frozen pitted tart cherry,,,,,,
diet cola,,,,,,
onion hamburger bun,,,,,,
framboise liqueur,,,,,,
corn chip,,,,,,
mashed sweet potato,,,,,,
crisp salad green,,,,,,
ohydrate baking mix,,,,,,
pork shoulder steak,94630534-5fdd-4ab5-b65d-9fad003636d1_b458d873-946b-468f-b6bf-cdfdf6e0164f_07e6ca75-ea62-4fad-afa1-e11b03a2071f,"market for swine for slaughtering, live weight",8.271383352,kg,1,kg
canned mandarin orange,,,,,,
green chili powder,9e2a803e-3fc5-43fb-b7d6-139ae91dd72c_6da04e2b-e9e9-5cc4-8227-a5b19b91b936_07e6ca75-ea62-4fad-afa1-e11b03a2071f,market for chilli,0.230959987,kg,1,kg
smoked gouda cheese,,,,,,
millet,bdfb5777-b59f-4d93-bfab-de6313378d55_df2b8e39-d691-4f6b-8c9c-4c7a737d0b0b_07e6ca75-ea62-4fad-afa1-e11b03a2071f,market for millet,0.652581799,kg,1,kg
pistum,,,,,,
canned pineapple juice,,,,,,
ground flax seed,,,,,,
fresh thyme,,,,,,
haricot bean,f9deb5af-6149-5316-b86f-c9953093db9e_7a49bec2-44cb-5445-94f2-10f0a1db868a_07e6ca75-ea62-4fad-afa1-e11b03a2071f,market for navy bean,1.226712928,kg,1,kg
hard-boiled egg yolk,,,,,,
chocolate protein powder,,,,,,
butter cookies,,,,,,
frozen tater tot,,,,,,
fine matzo meal,,,,,,
fresh udon noodle,,,,,,
long grain and wild rice blend,,,,,,
unsweetened flaked coconut,,,,,,
chinese white rice vinegar,,,,,,
red baking apple,05ea603a-801e-4a21-bff6-30472d63b1a1_1c819f15-1202-4fa9-8ef9-72196c2dfb85_07e6ca75-ea62-4fad-afa1-e11b03a2071f,market for apple,0.319430888,kg,1,kg
aromatic bitter,,,,,,
tzatziki,,,,,,
karo light corn syrup,,,,,,
sloe gin,,,,,,
madras curry powder,,,,,,
cavatelli,,,,,,
fresh sweet potato,,,,,,
meatball,,,,,,
balsamic glaze,,,,,,
american cheese slice,,,,,,
heads of cabbage,649d729a-040d-4ce7-b44e-97d981db3e32_75db30ea-bc22-4827-9784-07ac2523b3d6_07e6ca75-ea62-4fad-afa1-e11b03a2071f,market for cabbage white,0.415182732,kg,1,kg
refrigerated orange sweet roll dough,,,,,,
strawberry cream liqueur,,,,,,
steel cut oat,18a75664-a503-4b99-87be-e11557cb81f1_396098c0-2dd0-4987-84e3-cd12a3b521b7_07e6ca75-ea62-4fad-afa1-e11b03a2071f,market for oat grain,0.726827058,kg,1,kg
chopped pimiento,,,,,,
chicken noodle soup,,,,,,
cookies,,,,,,
hard candy,,,,,,
canned asparagu,,,,,,
jelly crystal,,,,,,
marshmallow,,,,,,
dry 18 bean soup mix,,,,,,
mixed candied fruit,,,,,,
bacon,,,,,,
cranberry juice,,,,,,
worcestershire sauce,,,,,,
braeburn apple,05ea603a-801e-4a21-bff6-30472d63b1a1_1c819f15-1202-4fa9-8ef9-72196c2dfb85_07e6ca75-ea62-4fad-afa1-e11b03a2071f,market for apple,0.319430888,kg,1,kg
frozen pie crust,,,,,,
processed swiss cheese,,,,,,
taco seasoning,,,,,,
kipfler potato,c4a9f9f1-435c-47d4-9842-fd053c365d69_155158d0-d566-487e-bfae-fff465d5dc52_07e6ca75-ea62-4fad-afa1-e11b03a2071f,market for potato,0.336006274,kg,1,kg
sweetcorn,d28caba3-32e4-4896-8cef-38a45a6adb99_d86548c8-a433-44a0-91ba-073c2227b627_07e6ca75-ea62-4fad-afa1-e11b03a2071f,market for sweet corn,0.276942777,kg,1,kg
apricot half,,,,,,
instant coffee creamer,,,,,,
wakame seaweed,,,,,,
honey dijon mustard,,,,,,
lavender leaf,,,,,,
's spicy seasoning,,,,,,
white wine vinegar,,,,,,
lillet blanc,,,,,,
strong hot tea,3f6d0090-fb8d-4637-a65f-87f975facb4e_1942f3d1-fad9-43da-a657-d5920c804cd6_07e6ca75-ea62-4fad-afa1-e11b03a2071f,"market for tea, dried",2.029453679,kg,1,kg
chicken breast tender,a714b4fb-4fc2-40e3-b5c7-62209dacf63a_2da20646-8adf-460b-bd65-c9fc35494b66_07e6ca75-ea62-4fad-afa1-e11b03a2071f,"market for chicken for slaughtering, live weight",2.444632694,kg,1,kg
fresh edible flower,,,,,,
oatmeal squares cereal,,,,,,
toblerone chocolate bar,,,,,,
kidney bean,bfbe9ff6-91ed-571f-8b62-77f66bc6b34e_3038e290-ab4f-5049-94ff-a87bdbde106b_07e6ca75-ea62-4fad-afa1-e11b03a2071f,market for red kidney bean,1.591019917,kg,1,kg
baby calamarus,,,,,,
finely shredded four cheese,,,,,,
herbsaint,,,,,,
cajun spice,,,,,,
canned deviled ham,,,,,,
long grain white rice,cf6e8d40-9765-40c3-82f6-cafce5d9f192_922db745-4df5-4b82-bbb6-98e81e4007d1_07e6ca75-ea62-4fad-afa1-e11b03a2071f,"market for rice, non-basmati",1.403095628,kg,1,kg
vegetable,,,,,,
milk chocolate kis,,,,,,
tahini sauce,,,,,,
leafy green,,,,,,
diet ginger ale,,,,,,
delicata squash,,,,,,
szechuan hot bean sauce,,,,,,
frozen pink lemonade concentrate,,,,,,
batter frying mix,,,,,,
baker's unsweetened chocolate square,,,,,,
soup stock,,,,,,
cooked oatmeal,,,,,,
condensed vegetable beef soup,,,,,,
kahlua,,,,,,
sirloin beef,7ca37a8a-c233-427a-beb9-0e87e943526f_2c9ff48f-b3da-440d-8502-15b14bfbb150_07e6ca75-ea62-4fad-afa1-e11b03a2071f,"market for red meat, live weight",16.44247162,kg,1,kg
steak fillet,,,,,,
pork skin,94630534-5fdd-4ab5-b65d-9fad003636d1_b458d873-946b-468f-b6bf-cdfdf6e0164f_07e6ca75-ea62-4fad-afa1-e11b03a2071f,"market for swine for slaughtering, live weight",8.271383352,kg,1,kg
lemon vinaigrette,,,,,,
meyer lemon,abbb1ebb-8443-4b7f-a40b-c56b357dd924_9891d347-28f8-434d-896a-84a19a4c68a6_07e6ca75-ea62-4fad-afa1-e11b03a2071f,market for lemon,0.319866608,kg,1,kg
khoya,,,,,,
barbecue sauce,,,,,,
soymilk powder,,,,,,
banana bread,,,,,,
apricot brandy,,,,,,
whipped topping,,,,,,
cantaloupe,14da881e-bb74-47a2-8edc-38d3b1586b2c_9ad7f2d2-18aa-45e1-9798-8cf8c26ea2ac_07e6ca75-ea62-4fad-afa1-e11b03a2071f,market for melon,0.240606717,kg,1,kg
whole chicken breast,a714b4fb-4fc2-40e3-b5c7-62209dacf63a_2da20646-8adf-460b-bd65-c9fc35494b66_07e6ca75-ea62-4fad-afa1-e11b03a2071f,"market for chicken for slaughtering, live weight",2.444632694,kg,1,kg
dessert topping,,,,,,
double-acting baking powder,,,,,,
mixed cheese,,,,,,
meatless spaghetti sauce,,,,,,
ground moose,,,,,,
sugar crystal,a7edce37-6252-45bf-9c3f-62a56e0d79d7_601aa448-72b2-4c2c-a05a-e185516d62a1_07e6ca75-ea62-4fad-afa1-e11b03a2071f,"market for sugar, from sugarcane",0.844260073,kg,1,kg
irish cream,,,,,,
chili,9e2a803e-3fc5-43fb-b7d6-139ae91dd72c_6da04e2b-e9e9-5cc4-8227-a5b19b91b936_07e6ca75-ea62-4fad-afa1-e11b03a2071f,market for chilli,0.230959987,kg,1,kg
white bread flmy,,,,,,
white syrup,,,,,,
spicy tomato sauce,,,,,,
habanero,9e2a803e-3fc5-43fb-b7d6-139ae91dd72c_6da04e2b-e9e9-5cc4-8227-a5b19b91b936_07e6ca75-ea62-4fad-afa1-e11b03a2071f,market for chilli,0.230959987,kg,1,kg
salted salmon,,,,,,
hot dog relish,,,,,,
catsup,,,,,,
smithfield ham,,,,,,
nicoise olife,,,,,,
sourdough breadcrumb,a5fc7f30-04ba-49c7-a292-394a21989a5c_dca5d4c8-0e53-4f11-9df5-418e30a0e49f_07e6ca75-ea62-4fad-afa1-e11b03a2071f,market for breadcrumbs,1.100980617,kg,1,kg
canned vegetable,,,,,,
ground coffee,,,,,,
coarse sugar,a7edce37-6252-45bf-9c3f-62a56e0d79d7_601aa448-72b2-4c2c-a05a-e185516d62a1_07e6ca75-ea62-4fad-afa1-e11b03a2071f,"market for sugar, from sugarcane",0.844260073,kg,1,kg
boiled potato,,,,,,
chili bean sauce,,,,,,
corn pops cereal,,,,,,
ground black pepper,,,,,,
black sambuca,,,,,,
key lime pie yogurt,,,,,,
chicken fat,a714b4fb-4fc2-40e3-b5c7-62209dacf63a_2da20646-8adf-460b-bd65-c9fc35494b66_07e6ca75-ea62-4fad-afa1-e11b03a2071f,"market for chicken for slaughtering, live weight",2.444632694,kg,1,kg
tomato chutney,,,,,,
challah,,,,,,
tomato basil garlic seasoning,,,,,,
white raisin,,,,,,
lean ham,,,,,,
almond syrup,,,,,,
iodized salt,,,,,,
crowder pea,,,,,,
maple syrup,,,,,,
vodka,,,,,,
porterhouse steak,7ca37a8a-c233-427a-beb9-0e87e943526f_2c9ff48f-b3da-440d-8502-15b14bfbb150_07e6ca75-ea62-4fad-afa1-e11b03a2071f,"market for red meat, live weight",16.44247162,kg,1,kg
pilsner beer,,,,,,
fiber supplement,,,,,,
delmonte stewed tomato,,,,,,
minced meat,7ca37a8a-c233-427a-beb9-0e87e943526f_2c9ff48f-b3da-440d-8502-15b14bfbb150_07e6ca75-ea62-4fad-afa1-e11b03a2071f,"market for red meat, live weight",16.44247162,kg,1,kg
spike seasoning,,,,,,
pudding,,,,,,
cranberry-grape juice,,,,,,
cotto salami,,,,,,
cooked macaroni,,,,,,
lime marmalade,,,,,,
sweet brown rice,cf6e8d40-9765-40c3-82f6-cafce5d9f192_922db745-4df5-4b82-bbb6-98e81e4007d1_07e6ca75-ea62-4fad-afa1-e11b03a2071f,"market for rice, non-basmati",1.403095628,kg,1,kg
mayonnaise,,,,,,
condensed bean,,,,,,
cool whip lite,,,,,,
elderflower head,,,,,,
lean bacon,,,,,,
lamb bone,1cd0307c-4575-4e53-9299-a81c76f4eee9_2a80aed2-53c0-4eaa-bae1-829394a7cb32_07e6ca75-ea62-4fad-afa1-e11b03a2071f,"market for sheep for slaughtering, live weight",8.700476897,kg,1,kg
sourdough baguette,,,,,,
lamb gravy,,,,,,
southwest chipotle seasoning,,,,,,
white vinegar,08e53495-973a-4104-b50c-fa2501bcef73_e36aa595-9fc6-4eff-8f34-a9b11f460762_07e6ca75-ea62-4fad-afa1-e11b03a2071f,"market for acetic acid, without water, in 98% solution state",2.216926378,kg,1,kg
cooked pastum,,,,,,
soup bone,,,,,,
raccoon,,,,,,
naan bread,,,,,,
tempeh,,,,,,
frozen dark sweet cherry,,,,,,
jell-o chocolate pudding and pie filling,,,,,,
sliced almond,,,,,,
currant juice,,,,,,
white sesame seed,de7968ed-3a7b-48e3-b3b4-705fc417bd4f_493461ac-622e-4fe6-81b9-c429f42982b7_07e6ca75-ea62-4fad-afa1-e11b03a2071f,market for sesame seed,2.801586996,kg,1,kg
puff pastry sheet,,,,,,
angelica,,,,,,
carrot juice,,,,,,
cumin,,,,,,
fresh sage leaf,,,,,,
tamarind pulp,,,,,,
mushroom gravy mix,,,,,,
stale bread,,,,,,
cinnamon extract,,,,,,
coco pops cereal,,,,,,
day-old french bread,,,,,,
almond paste,,,,,,
ocean perch fillet,,,,,,
ox tongue,7ca37a8a-c233-427a-beb9-0e87e943526f_2c9ff48f-b3da-440d-8502-15b14bfbb150_07e6ca75-ea62-4fad-afa1-e11b03a2071f,"market for red meat, live weight",16.44247162,kg,1,kg
cheese and salsa dip,,,,,,
winter melon,14da881e-bb74-47a2-8edc-38d3b1586b2c_9ad7f2d2-18aa-45e1-9798-8cf8c26ea2ac_07e6ca75-ea62-4fad-afa1-e11b03a2071f,market for melon,0.240606717,kg,1,kg
pastry shell,,,,,,
white chocolate baking bar,,,,,,
serrano chily,9e2a803e-3fc5-43fb-b7d6-139ae91dd72c_6da04e2b-e9e9-5cc4-8227-a5b19b91b936_07e6ca75-ea62-4fad-afa1-e11b03a2071f,market for chilli,0.230959987,kg,1,kg
black cherry gelatin,,,,,,
herb stuffing,,,,,,
root beer concentrate,,,,,,
bittersweet chocolate,,,,,,
masoor dal,5f1ba7e7-d0da-4603-b0f9-244fe1eee88b_4783e92c-7b3b-5227-8270-18e215988fcc_07e6ca75-ea62-4fad-afa1-e11b03a2071f,market for lentil,0.771483329,kg,1,kg
rosemary oil,,,,,,
multi-grain penne,,,,,,
dove breast,,,,,,
mushroom piece,,,,,,
ground chuck,,,,,,
pickerel fillet,,,,,,
ragu hearty robusto pasta sauce,,,,,,
key lime,8ce0855c-73a9-4474-8612-9ce0bfae1457_a00b7e35-1bc7-4b73-9df8-05f3dd07ffdb_07e6ca75-ea62-4fad-afa1-e11b03a2071f,market for lime,0.024549857,kg,1,kg
frozen whole strawberry,,,,,,
plastic spoon,870c8542-a349-446f-824c-8c9d51eba176_66ca2f38-5e51-4546-83c0-d7cef0c55c7c_07e6ca75-ea62-4fad-afa1-e11b03a2071f,"market for polypropylene, granulate",2.296367192,kg,1,kg
cinnamon raisin bread,,,,,,
potato stick,,,,,,
bourbon whiskey,,,,,,
pignoli nut,,,,,,
tahini,,,,,,
hollandaise mix,,,,,,
lemon peel,abbb1ebb-8443-4b7f-a40b-c56b357dd924_9891d347-28f8-434d-896a-84a19a4c68a6_07e6ca75-ea62-4fad-afa1-e11b03a2071f,market for lemon,0.319866608,kg,1,kg
orange juice concentrate,,,,,,
mung dal,5f1ba7e7-d0da-4603-b0f9-244fe1eee88b_4783e92c-7b3b-5227-8270-18e215988fcc_07e6ca75-ea62-4fad-afa1-e11b03a2071f,market for lentil,0.771483329,kg,1,kg
black salt,6c34933e-aeb2-4360-a8ea-13bd85e9d0cb_93015ba0-863d-4535-be49-8a1b16b71782_07e6ca75-ea62-4fad-afa1-e11b03a2071f,market for salt,0.042563983,kg,1,kg
rotel diced tomato,,,,,,
canned tomato sauce,,,,,,
clementine,,,,,,
frozen lemon juice,,,,,,
lime segment,8ce0855c-73a9-4474-8612-9ce0bfae1457_a00b7e35-1bc7-4b73-9df8-05f3dd07ffdb_07e6ca75-ea62-4fad-afa1-e11b03a2071f,market for lime,0.024549857,kg,1,kg
kasuri methi,,,,,,
spinach pastum,,,,,,
garlic pepper seasoning,,,,,,
whole wheat cereal,,,,,,
fresh rosemary leaf,,,,,,
chocolate chip cookie mix,,,,,,
chewing gum,,,,,,
hot pepper flake,,,,,,
steak,7ca37a8a-c233-427a-beb9-0e87e943526f_2c9ff48f-b3da-440d-8502-15b14bfbb150_07e6ca75-ea62-4fad-afa1-e11b03a2071f,"market for red meat, live weight",16.44247162,kg,1,kg
honey ham deli meat,,,,,,
mixed dried fruit,,,,,,
pastina,,,,,,
millet seed,bdfb5777-b59f-4d93-bfab-de6313378d55_df2b8e39-d691-4f6b-8c9c-4c7a737d0b0b_07e6ca75-ea62-4fad-afa1-e11b03a2071f,market for millet,0.652581799,kg,1,kg
fresh mussel,,,,,,
frozen yogurt,,,,,,
orange dried cranberry,,,,,,
red seedless grape,cb3b1db1-ed6d-46c3-8aca-7732f1e35916_685944f8-452b-4ad4-a01a-863924792f27_07e6ca75-ea62-4fad-afa1-e11b03a2071f,market for grape,0.296887007,kg,1,kg
grape tomato,b72d9580-130e-4d3b-9392-ec67c00f4b35_34967617-78b9-4120-9fbc-b8bf2d3c115b_07e6ca75-ea62-4fad-afa1-e11b03a2071f,"market for tomato, fresh grade",0.519773113,kg,1,kg
pineapple in syrup,,,,,,
multi-grain hot cereal,,,,,,
salted anchovy,,,,,,
sparkling apple cider,,,,,,
garbanzo flmy,,,,,,
catfish,,,,,,
sweet whole kernel corn,d28caba3-32e4-4896-8cef-38a45a6adb99_d86548c8-a433-44a0-91ba-073c2227b627_07e6ca75-ea62-4fad-afa1-e11b03a2071f,market for sweet corn,0.276942777,kg,1,kg
bone-in pork roast,,,,,,
unsalted butter,ee278500-bae3-47b0-be82-2dd0ad01a0b3_f033e17f-826b-4fed-8c9e-7034e9b950ab_07e6ca75-ea62-4fad-afa1-e11b03a2071f,"market for butter, from cow milk",7.127583505,kg,1,kg
fresh lemon zest,,,,,,
pecan shortbread cookies,,,,,,
instant cinnamon and spice oatmeal,,,,,,
dijon mustard,,,,,,
bay leaf powder,,,,,,
lemon essence,,,,,,
baby onion,ec3da8f3-f6fd-4421-b153-ae40f27b5188_1945897f-c0a2-4dbf-8397-9fd93e6a9445_07e6ca75-ea62-4fad-afa1-e11b03a2071f,market for onion,0.323529993,kg,1,kg
blueberry,,,,,,
snow pea sprout,,,,,,
banana syrup,,,,,,
oatnut bread,,,,,,
lumpia skin,,,,,,
pork shank,94630534-5fdd-4ab5-b65d-9fad003636d1_b458d873-946b-468f-b6bf-cdfdf6e0164f_07e6ca75-ea62-4fad-afa1-e11b03a2071f,"market for swine for slaughtering, live weight",8.271383352,kg,1,kg
green pepper,65fcd3cc-40ef-4833-8f3a-489d49f37f26_98813ba1-c1a0-469d-99e0-6f2d8453c47d_07e6ca75-ea62-4fad-afa1-e11b03a2071f,market for bell pepper,2.220600128,kg,1,kg
french mustard,4bc3b6d0-7d4e-446b-9092-e8dbcc8cc1eb_315e2112-33e3-431d-891c-58a24fee409f_07e6ca75-ea62-4fad-afa1-e11b03a2071f,market for mustard,2.12646028,kg,1,kg
instant garlic,,,,,,
beef tortellini,,,,,,
candied orange,,,,,,
refrigerated dinner roll,,,,,,
oil-cured olife,,,,,,
turkey kielbasa,,,,,,
black peppercorn,,,,,,
wheat noodle,,,,,,
pineapple filling,,,,,,
chocolate soymilk,,,,,,
edible orchid,,,,,,
gorgonzola,,,,,,
cornichon,,,,,,
stewing veal,,,,,,
sazon con azafran seasoning,,,,,,
filter coffee,ac979b92-94ef-4228-a6dd-b4f03f563261_42193bba-bf84-4490-8c69-b6e23048e73d_07e6ca75-ea62-4fad-afa1-e11b03a2071f,"market for coffee, green bean",7.107818888,kg,1,kg
rotisserie-cooked chicken,,,,,,
red grape vinegar,,,,,,
spaghetti sauce mix,,,,,,
whole wheat orzo,,,,,,
bean stock,,,,,,
eggplant,,,,,,
lemon yogurt,,,,,,
kudzu,,,,,,
instant flmy,,,,,,
soy margarine,,,,,,
vegetable oil,f045e08a-74cd-4762-8de0-5d3d074b94ee_d2184fe3-da8e-40d0-a15e-f35bc3624d26_07e6ca75-ea62-4fad-afa1-e11b03a2071f,"market for vegetable oil, refined",5.163876609,kg,1,kg
banana cream pudding mix,,,,,,
scallop,,,,,,
chinese five spice powder,,,,,,
fresh whole wheat breadcrumb,a5fc7f30-04ba-49c7-a292-394a21989a5c_dca5d4c8-0e53-4f11-9df5-418e30a0e49f_07e6ca75-ea62-4fad-afa1-e11b03a2071f,market for breadcrumbs,1.100980617,kg,1,kg
10-minute success rice,,,,,,
frozen baby lima bean,,,,,,
minced garlic clove,,,,,,
malibu coconut liqueur,,,,,,
liquorice allsort,,,,,,
shiso,,,,,,
plums in heavy syrup,,,,,,
pea protein powder,7fa95e25-a943-460e-a2a6-aa3da9d35083_0dab73c6-b214-4e9c-8c38-ab49d608637b_07e6ca75-ea62-4fad-afa1-e11b03a2071f,market for protein pea,0.41696198,kg,1,kg
pineapple slice,,,,,,
herb stock,,,,,,
dark miso,,,,,,
earth balance natural buttery spread,,,,,,
vegetable dip,,,,,,
nutmeat,,,,,,
steelhead fillet,,,,,,
instant couscou,,,,,,
chicken part,a714b4fb-4fc2-40e3-b5c7-62209dacf63a_2da20646-8adf-460b-bd65-c9fc35494b66_07e6ca75-ea62-4fad-afa1-e11b03a2071f,"market for chicken for slaughtering, live weight",2.444632694,kg,1,kg
chinese salt,6c34933e-aeb2-4360-a8ea-13bd85e9d0cb_93015ba0-863d-4535-be49-8a1b16b71782_07e6ca75-ea62-4fad-afa1-e11b03a2071f,market for salt,0.042563983,kg,1,kg
caerphilly cheese,3b2a7b5b-b904-43a2-864d-ab9111d83883_e35863ed-da3f-4255-a90d-623066f43fd3_07e6ca75-ea62-4fad-afa1-e11b03a2071f,"market for cheese, from cow milk, fresh, unripened",12.48580648,kg,1,kg
radish top,5b2e7cbb-8a7a-417b-9976-b7350fa4688c_c13cf756-e56c-4542-8cf9-06ddb0669efa_07e6ca75-ea62-4fad-afa1-e11b03a2071f,market for radish,7.897163753,kg,1,kg
chocolate wafer crumb,,,,,,
coffee bean,ac979b92-94ef-4228-a6dd-b4f03f563261_42193bba-bf84-4490-8c69-b6e23048e73d_07e6ca75-ea62-4fad-afa1-e11b03a2071f,"market for coffee, green bean",7.107818888,kg,1,kg
carnaroli rice,cf6e8d40-9765-40c3-82f6-cafce5d9f192_922db745-4df5-4b82-bbb6-98e81e4007d1_07e6ca75-ea62-4fad-afa1-e11b03a2071f,"market for rice, non-basmati",1.403095628,kg,1,kg
whole grain honey mustard,,,,,,
mixed mushroom,,,,,,
allspice berry,,,,,,
pan dripping,,,,,,
raspberry chipotle sauce,,,,,,
yellow zucchini,bb6521f4-6b41-4f41-bdda-32a31a194892_46df2ebd-bd0c-486b-abd3-cfe904195502_07e6ca75-ea62-4fad-afa1-e11b03a2071f,market for zucchini,0.315402265,kg,1,kg
cornish hen,a714b4fb-4fc2-40e3-b5c7-62209dacf63a_2da20646-8adf-460b-bd65-c9fc35494b66_07e6ca75-ea62-4fad-afa1-e11b03a2071f,"market for chicken for slaughtering, live weight",2.444632694,kg,1,kg
injera bread,,,,,,
butterfinger bar,,,,,,
fruit juice,,,,,,
evaporated milk,5ff3fb28-4350-4a37-9f1d-781c8c92a6f2_78b3da46-af34-4517-a952-cb828f76e1c2_07e6ca75-ea62-4fad-afa1-e11b03a2071f,market for evaporation of milk,0.020063374,kg,1,kg
nonstick spray coating,,,,,,
lobster shell,,,,,,
wide egg noodle,,,,,,
sparerib,,,,,,
butterscotch syrup,,,,,,
melon ball,14da881e-bb74-47a2-8edc-38d3b1586b2c_9ad7f2d2-18aa-45e1-9798-8cf8c26ea2ac_07e6ca75-ea62-4fad-afa1-e11b03a2071f,market for melon,0.240606717,kg,1,kg
plain sweet biscuit crumb,,,,,,
popped popcorn,,,,,,
goose fat,,,,,,
potato bread,,,,,,
fish stock,,,,,,
yellow split pea,,,,,,
prickly pear cactu,,,,,,
fresh pork loin roast,,,,,,
italian bread,,,,,,
ground chicken,,,,,,
corn muffin mix,,,,,,
dried apricot half,,,,,,
green tea powder,,,,,,
amaretto di saronno liqueur,,,,,,
hickory and brown sugar barbecue sauce,,,,,,
italian cheese,3b2a7b5b-b904-43a2-864d-ab9111d83883_e35863ed-da3f-4255-a90d-623066f43fd3_07e6ca75-ea62-4fad-afa1-e11b03a2071f,"market for cheese, from cow milk, fresh, unripened",12.48580648,kg,1,kg
shin beef,7ca37a8a-c233-427a-beb9-0e87e943526f_2c9ff48f-b3da-440d-8502-15b14bfbb150_07e6ca75-ea62-4fad-afa1-e11b03a2071f,"market for red meat, live weight",16.44247162,kg,1,kg
strained peaches baby food,,,,,,
sweet marsala wine,,,,,,
white wine,,,,,,
veal mince,,,,,,
instant maple and brown sugar oatmeal,,,,,,
chicken fillet,a714b4fb-4fc2-40e3-b5c7-62209dacf63a_2da20646-8adf-460b-bd65-c9fc35494b66_07e6ca75-ea62-4fad-afa1-e11b03a2071f,,2.444632694,kg,1,kg
mild curry paste,,,,,,
chicken gumbo soup,,,,,,
dark chocolate brownie mix,,,,,,
agave syrup,,,,,,
honey-roasted ham,,,,,,
root beer,,,,,,
ground deer meat,,,,,,
lecithin granule,,,,,,
diet soda,,,,,,
frozen leaf spinach,,,,,,
eye of round beef steak,7ca37a8a-c233-427a-beb9-0e87e943526f_2c9ff48f-b3da-440d-8502-15b14bfbb150_07e6ca75-ea62-4fad-afa1-e11b03a2071f,"market for red meat, live weight",16.44247162,kg,1,kg
whole wheat rigatoni,,,,,,
lemongras,,,,,,
mace blade,,,,,,
shortbread,,,,,,
pork and beans in tomato sauce,,,,,,
pork sirloin roast,,,,,,
dark seedless raisin,,,,,,
fresh lemon rind,abbb1ebb-8443-4b7f-a40b-c56b357dd924_9891d347-28f8-434d-896a-84a19a4c68a6_07e6ca75-ea62-4fad-afa1-e11b03a2071f,market for lemon,0.319866608,kg,1,kg
raw spinach leaf,83a42235-1028-4d5c-8819-4ef04fa10b26_a47ddfcf-af07-4c1a-9914-1e30c941cd19_07e6ca75-ea62-4fad-afa1-e11b03a2071f,market for spinach,0.22631143,kg,1,kg
strong black coffee,ac979b92-94ef-4228-a6dd-b4f03f563261_42193bba-bf84-4490-8c69-b6e23048e73d_07e6ca75-ea62-4fad-afa1-e11b03a2071f,"market for coffee, green bean",7.107818888,kg,1,kg
grapeseed oil,,,,,,
stove top chicken stuffing mix,,,,,,
scrod fish,3a41b03d-215c-4b05-b63c-e6ed052e8fdf_cdbf0bef-39f7-46c8-87a2-3f9f679b5bb7_07e6ca75-ea62-4fad-afa1-e11b03a2071f,"market for demersal fish, fresh",2.115661706,kg,1,kg
baharat spice mix,,,,,,
canned pineapple,,,,,,
herbed crouton,,,,,,
dried apple,,,,,,
pecorino pepato cheese,,,,,,
smoked turkey leg,,,,,,
frying chicken,,,,,,
ature marshmallow,,,,,,
rice,5183c021-8c13-47bc-a370-1ee6f9beecc1_f2711295-b251-4171-8316-516c3526b8ff_07e6ca75-ea62-4fad-afa1-e11b03a2071f,"market for rice, basmati",3.419776821,kg,1,kg
dried fenugreek leaf,,,,,,
mixed green,,,,,,
plain bread crumb,a5fc7f30-04ba-49c7-a292-394a21989a5c_dca5d4c8-0e53-4f11-9df5-418e30a0e49f_07e6ca75-ea62-4fad-afa1-e11b03a2071f,market for breadcrumbs,1.100980617,kg,1,kg
chicken thigh piece,,,,,,
frozen sliced strawberry,,,,,,
matzo cake meal,,,,,,
sugar snap pea,,,,,,
light non-dairy whipped topping,,,,,,
pastrami,,,,,,
sweetened lime juice,,,,,,
bulgur wheat,,,,,,
medium egg noodle,,,,,,
ground pecan,,,,,,
fresh pear,6bfd8993-8dff-4ae9-abe1-0fd32d2f4700_fb2a172f-2a59-4990-b362-64dd4825550f_07e6ca75-ea62-4fad-afa1-e11b03a2071f,market for pear,0.481227283,kg,1,kg
medium curry paste,,,,,,
cream of shrimp soup,,,,,,
tang orange crystal,,,,,,
fresh crabmeat,,,,,,
large refrigerated biscuit,,,,,,
crazy salt,,,,,,
vienna bread,,,,,,
raspberry gelatin powder,,,,,,
rose petal,,,,,,
ground lamb,1cd0307c-4575-4e53-9299-a81c76f4eee9_2a80aed2-53c0-4eaa-bae1-829394a7cb32_07e6ca75-ea62-4fad-afa1-e11b03a2071f,"market for sheep for slaughtering, live weight",8.700476897,kg,1,kg
cran-raspberry juice,,,,,,
espresso coffee,,,,,,
white chocolate pudding mix,,,,,,
sweet red cherry pepper,65fcd3cc-40ef-4833-8f3a-489d49f37f26_98813ba1-c1a0-469d-99e0-6f2d8453c47d_07e6ca75-ea62-4fad-afa1-e11b03a2071f,market for bell pepper,2.220600128,kg,1,kg
split yellow lentil,5f1ba7e7-d0da-4603-b0f9-244fe1eee88b_4783e92c-7b3b-5227-8270-18e215988fcc_07e6ca75-ea62-4fad-afa1-e11b03a2071f,market for lentil,0.771483329,kg,1,kg
cranberry-orange relish,,,,,,
"lemons, juice and zest of",,,,,,
opal basil,,,,,,
soymilk,dab649af-3a9d-41f3-b120-0884a3bf4e0f_5ee7638a-fd4c-4290-a7eb-8fb7821d891e_07e6ca75-ea62-4fad-afa1-e11b03a2071f,market for soybean beverage,0.347871592,kg,1,l
black-eyed pea,,,,,,
turkey slice,,,,,,
green bird's eye chily,,,,,,
garlic alfredo sauce,,,,,,
dipping sauce,,,,,,
liquid egg product,,,,,,
ajvar,,,,,,
celery root,d95393e6-9c4f-4b1d-8876-1d3ad9cec434_d8f9d34c-c3ad-4502-94b1-a4c756553a7c_07e6ca75-ea62-4fad-afa1-e11b03a2071f,market for celery,0.565055426,kg,1,kg
clove powder,,,,,,
iced tea mix powder,3f6d0090-fb8d-4637-a65f-87f975facb4e_1942f3d1-fad9-43da-a657-d5920c804cd6_07e6ca75-ea62-4fad-afa1-e11b03a2071f,"market for tea, dried",2.029453679,kg,1,kg
poppy seed,,,,,,
buffalo,,,,,,
sharp american cheese,3b2a7b5b-b904-43a2-864d-ab9111d83883_e35863ed-da3f-4255-a90d-623066f43fd3_07e6ca75-ea62-4fad-afa1-e11b03a2071f,"market for cheese, from cow milk, fresh, unripened",12.48580648,kg,1,kg
hazelnut coffee,,,,,,
"key limes, juice of",,,,,,
apricots in juice,,,,,,
celery rib,d95393e6-9c4f-4b1d-8876-1d3ad9cec434_d8f9d34c-c3ad-4502-94b1-a4c756553a7c_07e6ca75-ea62-4fad-afa1-e11b03a2071f,market for celery,0.565055426,kg,1,kg
rump roast,,,,,,
desiccated coconut,,,,,,
chicken consomme,,,,,,
brussels sprout,,,,,,
texas sweet onion,ec3da8f3-f6fd-4421-b153-ae40f27b5188_1945897f-c0a2-4dbf-8397-9fd93e6a9445_07e6ca75-ea62-4fad-afa1-e11b03a2071f,market for onion,0.323529993,kg,1,kg
italian vegetable,,,,,,
pastry for a double-crust pie,,,,,,
toothpick,,,,,,
baby back rib rack,,,,,,
hen,a714b4fb-4fc2-40e3-b5c7-62209dacf63a_2da20646-8adf-460b-bd65-c9fc35494b66_07e6ca75-ea62-4fad-afa1-e11b03a2071f,"market for chicken for slaughtering, live weight",2.444632694,kg,1,kg
dried mediterranean oregano,,,,,,
fresh oregano,,,,,,
wooden skewer,2859a011-5248-4975-85e7-a04669a5359f_4ebb2775-2992-43f5-8cc3-053982b40822_07e6ca75-ea62-4fad-afa1-e11b03a2071f,"market for sawnwood, hardwood, raw",83.19551124,kg,1,m3
barley miso,,,,,,
enoki mushroom,,,,,,
raspberry,,,,,,
green bean,,,,,,
hazelnut extract,,,,,,
crystallized ginger,,,,,,
sauerkraut,,,,,,
spice,,,,,,
lean lamb fillet,1cd0307c-4575-4e53-9299-a81c76f4eee9_2a80aed2-53c0-4eaa-bae1-829394a7cb32_07e6ca75-ea62-4fad-afa1-e11b03a2071f,,8.700476897,kg,1,kg
shaoxing wine,,,,,,
yoghurt,da443c0c-6c26-4547-9fe9-3cb30154b0c6_66b93168-8786-438a-9cf9-df6971f31dcc_07e6ca75-ea62-4fad-afa1-e11b03a2071f,"market for yogurt, from cow milk",1.872891685,kg,1,kg
fresh spinach leaf,83a42235-1028-4d5c-8819-4ef04fa10b26_a47ddfcf-af07-4c1a-9914-1e30c941cd19_07e6ca75-ea62-4fad-afa1-e11b03a2071f,market for spinach,0.22631143,kg,1,kg
baby shrimp,,,,,,
shredded hash brown,,,,,,
razor clam,,,,,,
shell noodle,,,,,,
dried rose petal,,,,,,
deli turkey,,,,,,
pepper,,,,,,
star anise pod,,,,,,
preserved gingerroot,,,,,,
frozen whipped topping,,,,,,
thymol seed,,,,,,
black and red pepper blend,,,,,,
artichoke heart,,,,,,
soybean flmy,7e4c9757-6cc7-42ca-8b5b-29b6d00aeda1_deb4f70c-bf2a-4cd3-bc3b-c71af8820da3_07e6ca75-ea62-4fad-afa1-e11b03a2071f,market for soybean,1.562425152,kg,1,kg
almond half,,,,,,
mustard green,4bc3b6d0-7d4e-446b-9092-e8dbcc8cc1eb_315e2112-33e3-431d-891c-58a24fee409f_07e6ca75-ea62-4fad-afa1-e11b03a2071f,market for mustard,2.12646028,kg,1,kg
katakuriko,,,,,,
turkey bacon,,,,,,
red glazed cherry,,,,,,
grape jelly,,,,,,
fresh wax bean,,,,,,
lean roast beef,,,,,,
laughing cow cheese,,,,,,
live lobster,,,,,,
bugles snack,,,,,,
smoked haddock fillet,,,,,,
plain dorito,,,,,,
coffee ice cube,,,,,,
frozen strawberry daiquiri concentrate,,,,,,
ground star anise,,,,,,
cream of chicken soup,,,,,,
yellow sweet bell pepper,65fcd3cc-40ef-4833-8f3a-489d49f37f26_98813ba1-c1a0-469d-99e0-6f2d8453c47d_07e6ca75-ea62-4fad-afa1-e11b03a2071f,market for bell pepper,2.220600128,kg,1,kg
chocolate and mint swirled morsel,,,,,,
candy orange slice,,,,,,
instant vanilla pudding and pie filling,,,,,,
cooked couscou,,,,,,
diced potato,,,,,,
unsweetened vanilla,6dbe6cff-ce81-4f84-9316-89475c0e0659_43fdfa7d-a9ad-4919-8368-e82a9142101b_07e6ca75-ea62-4fad-afa1-e11b03a2071f,market for vanilla,13.44575158,kg,1,kg
stingray,,,,,,
frozen bread dough,,,,,,
whole wheat fusilli,,,,,,
valencia orange,04d10dfa-9fb2-4d59-8fb1-cb6ac04b5059_1f7bbd3e-fcd1-412d-8608-035b855ea735_07e6ca75-ea62-4fad-afa1-e11b03a2071f,"market for orange, fresh grade",0.28845635,kg,1,kg
refined flmy,,,,,,
grenadine,,,,,,
chuck eye steak,7ca37a8a-c233-427a-beb9-0e87e943526f_2c9ff48f-b3da-440d-8502-15b14bfbb150_07e6ca75-ea62-4fad-afa1-e11b03a2071f,"market for red meat, live weight",16.44247162,kg,1,kg
unsalted saltine cracker,,,,,,
peppermint stick candy,,,,,,
whole wheat bread cube,,,,,,
red onion,ec3da8f3-f6fd-4421-b153-ae40f27b5188_1945897f-c0a2-4dbf-8397-9fd93e6a9445_07e6ca75-ea62-4fad-afa1-e11b03a2071f,market for onion,0.323529993,kg,1,kg
sweet mustard,,,,,,
cherry powdered drink mix,,,,,,
frozen squash,,,,,,
baking chocolate square,,,,,,
unsalted pumpkin seed,,,,,,
light strawberry yogurt,,,,,,
cinnamon apple tea bag,,,,,,
turbinado sugar,a7edce37-6252-45bf-9c3f-62a56e0d79d7_601aa448-72b2-4c2c-a05a-e185516d62a1_07e6ca75-ea62-4fad-afa1-e11b03a2071f,"market for sugar, from sugarcane",0.844260073,kg,1,kg
beef chuck,7ca37a8a-c233-427a-beb9-0e87e943526f_2c9ff48f-b3da-440d-8502-15b14bfbb150_07e6ca75-ea62-4fad-afa1-e11b03a2071f,"market for red meat, live weight",16.44247162,kg,1,kg
adobo sauce,,,,,,
sea scallop,,,,,,
fruit nectar,,,,,,
vegetarian parmesan cheese,,,,,,
frozen cauliflower,,,,,,
cane syrup,,,,,,
ature peanut butter cup,,,,,,
colby cheese,3b2a7b5b-b904-43a2-864d-ab9111d83883_e35863ed-da3f-4255-a90d-623066f43fd3_07e6ca75-ea62-4fad-afa1-e11b03a2071f,"market for cheese, from cow milk, fresh, unripened",12.48580648,kg,1,kg
cream,564e1504-faaa-4ffb-a823-3351653311dc_e205cf62-396d-488a-8e2f-71344bbee1aa_07e6ca75-ea62-4fad-afa1-e11b03a2071f,"market for cream, from cow milk",2.52819913,kg,1,kg
's sour cream,,,,,,
dried jalapeno pepper,,,,,,
roasted turkey,,,,,,
smoked beef,,,,,,
passion fruit pulp,,,,,,
double chocolate chunk cookie mix,,,,,,
nam pla,,,,,,
dark roux,,,,,,
dry chili pepper,,,,,,
beef consomme,,,,,,
shortcrust pastry,,,,,,
tabasco sauce,,,,,,
whole unblanched almond,8535c894-ea2d-46e1-96a1-910059a2dd63_0cb00cc5-6a2f-4bce-969e-425b45206734_07e6ca75-ea62-4fad-afa1-e11b03a2071f,market for almond,0.944412222,kg,1,kg
crisp chow mein noodle,,,,,,
distilled water,,,,,,
canned tomato,,,,,,
caraway seed,,,,,,
tony chachere's seasoning,,,,,,
campari tomato,b72d9580-130e-4d3b-9392-ec67c00f4b35_34967617-78b9-4120-9fbc-b8bf2d3c115b_07e6ca75-ea62-4fad-afa1-e11b03a2071f,"market for tomato, fresh grade",0.519773113,kg,1,kg
cheese,3b2a7b5b-b904-43a2-864d-ab9111d83883_e35863ed-da3f-4255-a90d-623066f43fd3_07e6ca75-ea62-4fad-afa1-e11b03a2071f,"market for cheese, from cow milk, fresh, unripened",12.48580648,kg,1,kg
rose-scented geranium leaf,,,,,,
sofrito sauce,,,,,,
sesame stick,,,,,,
ladyfinger,,,,,,
cooked zitus,,,,,,
paper towel,,,,,,
baby potato,c4a9f9f1-435c-47d4-9842-fd053c365d69_155158d0-d566-487e-bfae-fff465d5dc52_07e6ca75-ea62-4fad-afa1-e11b03a2071f,market for potato,0.336006274,kg,1,kg
brut champagne,,,,,,
vegetarian bacon bit,,,,,,
rice noodle,,,,,,
venison stew meat,,,,,,
japanese eggplant,,,,,,
shredded coconut,,,,,,
mesclun,,,,,,
yolk-free egg noodle,,,,,,
distilled vinegar,,,,,,
zwieback toast,,,,,,
unsweetened frozen blueberry,,,,,,
wafer,,,,,,
lentil soup,,,,,,
cooked chicken breast,,,,,,
butterscotch sundae sauce,,,,,,
texas pete,,,,,,
sour milk,,,,,,
amaretto liqueur,,,,,,
peanut butter morsel,,,,,,
egg roll wrap,,,,,,
bass fillet,,,,,,
raspberry jam,,,,,,
fresh shrimp,,,,,,
corn niblet,,,,,,
potato gnocchi,,,,,,
frozen coconut milk,,,,,,
four cheese blend,,,,,,
salted mixed nut,,,,,,
chicken cutlet,,,,,,
sesame breadstick,,,,,,
dry-roasted pecan,,,,,,
club soda,,,,,,
key lime juice,,,,,,
beef gravy mix,,,,,,
diet sprite,,,,,,
whole wheat linguine,0090bce8-3e50-446d-af0b-9cc5dc427b9a_c7b1f264-abe2-47c4-8fcf-db3229228485_07e6ca75-ea62-4fad-afa1-e11b03a2071f,market for wheat flour,0.739714579,kg,1,kg
sourdough bread round,,,,,,
beet juice,,,,,,
lifesavers candy,,,,,,
beef jerky,,,,,,
golden mushroom soup,,,,,,
hokkaido squash,,,,,,
after dinner mint,,,,,,
anchovies packed in oil,,,,,,
spanish olife,492b0d02-a7d2-461a-83cd-b1f69f9e0769_e580a34c-42e2-460d-ac2e-a49bcf0583f2_07e6ca75-ea62-4fad-afa1-e11b03a2071f,market for olive,0.418061245,kg,1,kg
fresh sauerkraut,,,,,,
lemon instant pudding and pie filling,,,,,,
butter shortening,,,,,,
frangelico liqueur,,,,,,
dry-roasted unsalted peanut,,,,,,
malt biscuit,,,,,,
whole wheat couscou,,,,,,
fetum,,,,,,
tomatoes seasoned,,,,,,
wagon wheel macaroni,,,,,,
stewing chicken,,,,,,
pineapple juice concentrate,,,,,,
refrigerated crescent roll,,,,,,
rock cornish game hen,a714b4fb-4fc2-40e3-b5c7-62209dacf63a_2da20646-8adf-460b-bd65-c9fc35494b66_07e6ca75-ea62-4fad-afa1-e11b03a2071f,"market for chicken for slaughtering, live weight",2.444632694,kg,1,kg
dried italian seasoning,,,,,,
herb stuffing cube,,,,,,
pimento-stuffed green olife,,,,,,
ground turmeric,,,,,,
powdered milk,1e9f4c72-893d-4091-a717-80724f624d04_b80e26ff-c7bf-4c73-be42-6c29d2eac69c_07e6ca75-ea62-4fad-afa1-e11b03a2071f,market for spray-drying of milk,0.610618911,kg,1,kg
bread,,,,,,
chocolate kis,,,,,,
brewed espresso,,,,,,
table cream,564e1504-faaa-4ffb-a823-3351653311dc_e205cf62-396d-488a-8e2f-71344bbee1aa_07e6ca75-ea62-4fad-afa1-e11b03a2071f,"market for cream, from cow milk",2.52819913,kg,1,kg
golden brown sugar,a7edce37-6252-45bf-9c3f-62a56e0d79d7_601aa448-72b2-4c2c-a05a-e185516d62a1_07e6ca75-ea62-4fad-afa1-e11b03a2071f,"market for sugar, from sugarcane",0.844260073,kg,1,kg
dried hot red chili pepper,,,,,,
english muffin,,,,,,
white sauce,,,,,,
round loaf italian bread,,,,,,
dried sage,,,,,,
red cinnamon candy,,,,,,
spelt flmy,,,,,,
raw zucchini,bb6521f4-6b41-4f41-bdda-32a31a194892_46df2ebd-bd0c-486b-abd3-cfe904195502_07e6ca75-ea62-4fad-afa1-e11b03a2071f,market for zucchini,0.315402265,kg,1,kg
lemon cream-filled vanilla sandwich cookies,,,,,,
cookies & cream ice cream,,,,,,
any desired food coloring,,,,,,
brown bread,,,,,,
soy crumble,7e4c9757-6cc7-42ca-8b5b-29b6d00aeda1_deb4f70c-bf2a-4cd3-bc3b-c71af8820da3_07e6ca75-ea62-4fad-afa1-e11b03a2071f,market for soybean,1.562425152,kg,1,kg
fresh swordfish steak,,,,,,
submarine bun,,,,,,
pesto sauce mix,,,,,,
roasted cumin seed,,,,,,
whole turkey breast,,,,,,
sandwich bread,,,,,,
kashi golean cereal,,,,,,
irish cream syrup,,,,,,
salsa fresca,,,,,,
long crusty bread,,,,,,
unsalted macadamia nut,,,,,,
poultry,a714b4fb-4fc2-40e3-b5c7-62209dacf63a_2da20646-8adf-460b-bd65-c9fc35494b66_07e6ca75-ea62-4fad-afa1-e11b03a2071f,"market for chicken for slaughtering, live weight",2.444632694,kg,1,kg
lemon sorbet,,,,,,
apple ring,,,,,,
shiitake mushroom cap,,,,,,
brownie mix,,,,,,
kaffir lime leaf,,,,,,
pot cheese,3b2a7b5b-b904-43a2-864d-ab9111d83883_e35863ed-da3f-4255-a90d-623066f43fd3_07e6ca75-ea62-4fad-afa1-e11b03a2071f,"market for cheese, from cow milk, fresh, unripened",12.48580648,kg,1,kg
apple cider,,,,,,
green glazed cherry,,,,,,
unbaked deep dish pie pastry,,,,,,
oregano sprig,,,,,,
instant plain oatmeal,,,,,,
greek yogurt,da443c0c-6c26-4547-9fe9-3cb30154b0c6_66b93168-8786-438a-9cf9-df6971f31dcc_07e6ca75-ea62-4fad-afa1-e11b03a2071f,"market for yogurt, from cow milk",1.872891685,kg,1,kg
dried fine herb,,,,,,
graham cracker tart crust,,,,,,
dried fig,,,,,,
water,1777d5da-1048-44bf-be57-5d8efdcd419e_c5adb1fb-872e-4446-a3bb-c4b61aa4bd45_07e6ca75-ea62-4fad-afa1-e11b03a2071f,market for tap water,7.66E-05,kg,1,kg
dry mixed bean,,,,,,
apricots in syrup,,,,,,
instant rice,cf6e8d40-9765-40c3-82f6-cafce5d9f192_922db745-4df5-4b82-bbb6-98e81e4007d1_07e6ca75-ea62-4fad-afa1-e11b03a2071f,"market for rice, non-basmati",1.403095628,kg,1,kg
vegetarian chicken bouillon granule,,,,,,
vermouth,,,,,,
dried lime,,,,,,
crunchy cheetos cheese snack,,,,,,
baby octopu,,,,,,
balsamic vinegar,,,,,,
thick bread,,,,,,
lime juice concentrate,,,,,,
shitake mushroom,,,,,,
dried lemon gras,,,,,,
lemon liqueur,,,,,,
season all,,,,,,
short rib,7ca37a8a-c233-427a-beb9-0e87e943526f_2c9ff48f-b3da-440d-8502-15b14bfbb150_07e6ca75-ea62-4fad-afa1-e11b03a2071f,"market for red meat, live weight",16.44247162,kg,1,kg
potato dinner roll,,,,,,
cornstarch,38747864-a1e3-4d65-bb72-a370325ab2ab_c4ed73ce-ed64-4823-96d9-5661c11c6941_07e6ca75-ea62-4fad-afa1-e11b03a2071f,market for maize starch,1.252660728,kg,1,kg
cooking sherry,,,,,,
almond halve,,,,,,
lamb rack,1cd0307c-4575-4e53-9299-a81c76f4eee9_2a80aed2-53c0-4eaa-bae1-829394a7cb32_07e6ca75-ea62-4fad-afa1-e11b03a2071f,"market for sheep for slaughtering, live weight",8.700476897,kg,1,kg
fruit,,,,,,
cayenne pepper,9e2a803e-3fc5-43fb-b7d6-139ae91dd72c_6da04e2b-e9e9-5cc4-8227-a5b19b91b936_07e6ca75-ea62-4fad-afa1-e11b03a2071f,market for chilli,0.230959987,kg,1,kg
bay scallop,,,,,,
rotini pastum,,,,,,
instant butterscotch pudding mix,,,,,,
instant minced onion,,,,,,
fresh ahi tuna,,,,,,
green coriander,f4308d96-2bdf-4b0a-8196-7c171c5ebaaf_22cdbdf8-05c7-4410-9eff-7b12ff1877b3_07e6ca75-ea62-4fad-afa1-e11b03a2071f,market for coriander,0.205071438,kg,1,kg
vegetable juice cocktail,,,,,,
chunky tomato,d5755bcc-4d60-42d3-ab28-35e852627be3_03cc9df9-29e5-4ee0-8bff-a70999caffbf_07e6ca75-ea62-4fad-afa1-e11b03a2071f,"market for tomato, processing grade",0.237464718,kg,1,kg
pears in light syrup,,,,,,
hot red pepper flake,,,,,,
smoked pork hock,,,,,,
canned carrot,,,,,,
raspberry sauce,,,,,,
blackberry jelly,,,,,,
roasted garlic and onion spaghetti sauce,,,,,,
clam chowder,,,,,,
unbaked deep-dish pie shell,,,,,,
decorating gel,,,,,,
beef gravy granule,,,,,,
greek olive,492b0d02-a7d2-461a-83cd-b1f69f9e0769_e580a34c-42e2-460d-ac2e-a49bcf0583f2_07e6ca75-ea62-4fad-afa1-e11b03a2071f,market for olive,0.418061245,kg,1,kg
golden raisin,,,,,,
candy cane kiss,,,,,,
instant coffee granule,ac979b92-94ef-4228-a6dd-b4f03f563261_42193bba-bf84-4490-8c69-b6e23048e73d_07e6ca75-ea62-4fad-afa1-e11b03a2071f,"market for coffee, green bean",7.107818888,kg,1,kg
swiss chard,,,,,,
s cocoa powder,,,,,,
butternut squash seed,,,,,,
jim beam bourbon whiskey,,,,,,
dal,5f1ba7e7-d0da-4603-b0f9-244fe1eee88b_4783e92c-7b3b-5227-8270-18e215988fcc_07e6ca75-ea62-4fad-afa1-e11b03a2071f,market for lentil,0.771483329,kg,1,kg
rolled oatmeal,18a75664-a503-4b99-87be-e11557cb81f1_396098c0-2dd0-4987-84e3-cd12a3b521b7_07e6ca75-ea62-4fad-afa1-e11b03a2071f,market for oat grain,0.726827058,kg,1,kg
clotted cream,564e1504-faaa-4ffb-a823-3351653311dc_e205cf62-396d-488a-8e2f-71344bbee1aa_07e6ca75-ea62-4fad-afa1-e11b03a2071f,"market for cream, from cow milk",2.52819913,kg,1,kg
salt water,,,,,,
nectarine,e25df519-84fa-4e04-b4d6-e53a51ad749e_30df3cb7-d389-4007-a172-ad89e98c3270_07e6ca75-ea62-4fad-afa1-e11b03a2071f,market for peach,0.449046846,kg,1,kg
pork fat,751fabb3-cffb-4d21-909e-24a7e392837b_8f5d2384-9122-448e-9930-f052284441ff_07e6ca75-ea62-4fad-afa1-e11b03a2071f,"market for tallow, unrefined",0.037736148,kg,1,kg
amaretti cookie crumb,,,,,,
sparkling grape juice,,,,,,
english walnut,,,,,,
magic shell ice cream topping,,,,,,
pure vanilla extract,6dbe6cff-ce81-4f84-9316-89475c0e0659_43fdfa7d-a9ad-4919-8368-e82a9142101b_07e6ca75-ea62-4fad-afa1-e11b03a2071f,market for vanilla,13.44575158,kg,1,kg
hard salami,,,,,,
ciabatta roll,,,,,,
scotch bonnet pepper,9e2a803e-3fc5-43fb-b7d6-139ae91dd72c_6da04e2b-e9e9-5cc4-8227-a5b19b91b936_07e6ca75-ea62-4fad-afa1-e11b03a2071f,market for chilli,0.230959987,kg,1,kg
feta cheese,,,,,,
yellow potato,c4a9f9f1-435c-47d4-9842-fd053c365d69_155158d0-d566-487e-bfae-fff465d5dc52_07e6ca75-ea62-4fad-afa1-e11b03a2071f,market for potato,0.336006274,kg,1,kg
black bean soup,,,,,,
green salad,,,,,,
konbu,,,,,,
grilled steak,,,,,,
bourbon vanilla,6dbe6cff-ce81-4f84-9316-89475c0e0659_43fdfa7d-a9ad-4919-8368-e82a9142101b_07e6ca75-ea62-4fad-afa1-e11b03a2071f,market for vanilla,13.44575158,kg,1,kg
gai lan,,,,,,
condensed golden corn soup,,,,,,
diet coke,,,,,,
dark chocolate syrup,,,,,,
turkey part,,,,,,
saskatoon berry,,,,,,
ature oreo cookies,,,,,,
home s salsa,,,,,,
hoagie roll,,,,,,
cracked black pepper,,,,,,
beef,7ca37a8a-c233-427a-beb9-0e87e943526f_2c9ff48f-b3da-440d-8502-15b14bfbb150_07e6ca75-ea62-4fad-afa1-e11b03a2071f,"market for red meat, live weight",16.44247162,kg,1,kg
horseradish mustard,,,,,,
dried calimyrna fig,,,,,,
tiny pea,7fa95e25-a943-460e-a2a6-aa3da9d35083_0dab73c6-b214-4e9c-8c38-ab49d608637b_07e6ca75-ea62-4fad-afa1-e11b03a2071f,market for protein pea,0.41696198,kg,1,kg
garlic granule,,,,,,
california-blend frozen vegetable,,,,,,
purple seedless grape,cb3b1db1-ed6d-46c3-8aca-7732f1e35916_685944f8-452b-4ad4-a01a-863924792f27_07e6ca75-ea62-4fad-afa1-e11b03a2071f,market for grape,0.296887007,kg,1,kg
fresh coarse ground black pepper,,,,,,
dried butter bean,,,,,,
black caviar,,,,,,
country ham,7ca37a8a-c233-427a-beb9-0e87e943526f_2c9ff48f-b3da-440d-8502-15b14bfbb150_07e6ca75-ea62-4fad-afa1-e11b03a2071f,"market for red meat, live weight",16.44247162,kg,1,kg
apple-raspberry juice concentrate,,,,,,
watercress leaf,,,,,,
vermicelli,,,,,,
peanut sauce,,,,,,
dried black turtle bean,,,,,,
pimm,,,,,,
back bacon,,,,,,
angostura worcestershire sauce,,,,,,
brioche bread,,,,,,
dashi stock,,,,,,
lime cordial,,,,,,
ginger in syrup,,,,,,
frozen french-cut green bean,,,,,,
turkey breast,,,,,,
frozen cut green bean,,,,,,
non-pareil,,,,,,
earl grey teabag,,,,,,
white clover blossom,,,,,,
chocolate almond bark,,,,,,
baker's dry milk,,,,,,
parmesan asiago and romano cheese blend,,,,,,
whole chestnut,,,,,,
greek feta cheese,3b2a7b5b-b904-43a2-864d-ab9111d83883_e35863ed-da3f-4255-a90d-623066f43fd3_07e6ca75-ea62-4fad-afa1-e11b03a2071f,"market for cheese, from cow milk, fresh, unripened",12.48580648,kg,1,kg
red raspberry,,,,,,
dried black fig,,,,,,
yellow hominy,,,,,,
caster,,,,,,
tiny pumpkin,,,,,,
dried black-eyed pea,,,,,,
spinach souffle,,,,,,
orange wedge,04d10dfa-9fb2-4d59-8fb1-cb6ac04b5059_1f7bbd3e-fcd1-412d-8608-035b855ea735_07e6ca75-ea62-4fad-afa1-e11b03a2071f,"market for orange, fresh grade",0.28845635,kg,1,kg
adobo seasoning,,,,,,
mixed berry,,,,,,
five cheese blend,,,,,,
white corn syrup,,,,,,
mexican oregano,,,,,,
head of cabbage,649d729a-040d-4ce7-b44e-97d981db3e32_75db30ea-bc22-4827-9784-07ac2523b3d6_07e6ca75-ea62-4fad-afa1-e11b03a2071f,market for cabbage white,0.415182732,kg,1,kg
linguine,,,,,,
crayfish tail,,,,,,
salmon roe,a8e0bbfb-2fce-4f32-8d2d-4530eca3f356_bd6aab7d-fe7d-4396-b209-448ffb557a61_07e6ca75-ea62-4fad-afa1-e11b03a2071f,market for fish residues,0.236389194,kg,1,kg
coconut cookies,,,,,,
peach ice cream,,,,,,
venison loin steak,7ca37a8a-c233-427a-beb9-0e87e943526f_2c9ff48f-b3da-440d-8502-15b14bfbb150_07e6ca75-ea62-4fad-afa1-e11b03a2071f,"market for red meat, live weight",16.44247162,kg,1,kg
dried corn kernel,,,,,,
drinking chocolate,,,,,,
crispy rice cereal,,,,,,
butternut snap biscuit,,,,,,
serrano ham,,,,,,
baby tomato,b72d9580-130e-4d3b-9392-ec67c00f4b35_34967617-78b9-4120-9fbc-b8bf2d3c115b_07e6ca75-ea62-4fad-afa1-e11b03a2071f,"market for tomato, fresh grade",0.519773113,kg,1,kg
tuna,2812a0cb-b2db-469e-bd87-c6c169170305_06409b90-2c57-437d-8111-8a6dc1051df1_07e6ca75-ea62-4fad-afa1-e11b03a2071f,"market for landed tuna, frozen, EPO",3.309162659,kg,1,kg
chocolate biscuit,,,,,,
rocket,,,,,,
non-hydrogenated margarine,,,,,,
spaetzle noodle,,,,,,
venison heart,7ca37a8a-c233-427a-beb9-0e87e943526f_2c9ff48f-b3da-440d-8502-15b14bfbb150_07e6ca75-ea62-4fad-afa1-e11b03a2071f,"market for red meat, live weight",16.44247162,kg,1,kg
smoked chicken breast,,,,,,
baker's baking chocolate,,,,,,
sweet pepper,65fcd3cc-40ef-4833-8f3a-489d49f37f26_98813ba1-c1a0-469d-99e0-6f2d8453c47d_07e6ca75-ea62-4fad-afa1-e11b03a2071f,market for bell pepper,2.220600128,kg,1,kg
paneer cheese,,,,,,
sunflower oil,,,,,,
adzuki bean,,,,,,
diced tomatoes in tomato puree,,,,,,
red onion ring,,,,,,
velveeta mexican cheese,,,,,,
candied red cherry,,,,,,
albacore tuna in water,,,,,,
instant bouillon granule,,,,,,
burrito,,,,,,
pastry for double-crust deep dish pie,,,,,,
vegemite,,,,,,
chocolate ice cream,,,,,,
self-rising corm meal mix,,,,,,
dried red bean,,,,,,
lean meat,7ca37a8a-c233-427a-beb9-0e87e943526f_2c9ff48f-b3da-440d-8502-15b14bfbb150_07e6ca75-ea62-4fad-afa1-e11b03a2071f,"market for red meat, live weight",16.44247162,kg,1,kg
roasted sunflower seed,31baad02-ed4d-4c04-8378-d16ac9dec200_20d649c2-db6b-4c9a-b529-409c9d43748e_07e6ca75-ea62-4fad-afa1-e11b03a2071f,market for sunflower seed,1.421001746,kg,1,kg
fresh pork shoulder,94630534-5fdd-4ab5-b65d-9fad003636d1_b458d873-946b-468f-b6bf-cdfdf6e0164f_07e6ca75-ea62-4fad-afa1-e11b03a2071f,"market for swine for slaughtering, live weight",8.271383352,kg,1,kg
malt syrup,,,,,,
turkey thigh,,,,,,
artichoke hearts in brine,,,,,,
oat bran flmy,18a75664-a503-4b99-87be-e11557cb81f1_396098c0-2dd0-4987-84e3-cd12a3b521b7_07e6ca75-ea62-4fad-afa1-e11b03a2071f,market for oat grain,0.726827058,kg,1,kg
pitted olife,,,,,,
waxed yellow bean,,,,,,
goat's cheese,,,,,,
cracker crumb,,,,,,
lean ground buffalo,,,,,,
pepper sauce,,,,,,
amaretto,,,,,,
cooked turkey breast,,,,,,
soft brown sugar,a7edce37-6252-45bf-9c3f-62a56e0d79d7_601aa448-72b2-4c2c-a05a-e185516d62a1_07e6ca75-ea62-4fad-afa1-e11b03a2071f,"market for sugar, from sugarcane",0.844260073,kg,1,kg
corn chex,,,,,,
oleo,,,,,,
condensed chicken gumbo soup,,,,,,
pear,6bfd8993-8dff-4ae9-abe1-0fd32d2f4700_fb2a172f-2a59-4990-b362-64dd4825550f_07e6ca75-ea62-4fad-afa1-e11b03a2071f,market for pear,0.481227283,kg,1,kg
unbleached cane sugar,a7edce37-6252-45bf-9c3f-62a56e0d79d7_601aa448-72b2-4c2c-a05a-e185516d62a1_07e6ca75-ea62-4fad-afa1-e11b03a2071f,"market for sugar, from sugarcane",0.844260073,kg,1,kg
dried hot pepper,,,,,,
dried chervil,,,,,,
beef shoulder,7ca37a8a-c233-427a-beb9-0e87e943526f_2c9ff48f-b3da-440d-8502-15b14bfbb150_07e6ca75-ea62-4fad-afa1-e11b03a2071f,"market for red meat, live weight",16.44247162,kg,1,kg
ground cardamom,,,,,,
hard-cooked egg white,,,,,,
ranch dip mix,,,,,,
chili paste,,,,,,
stewing beef,7ca37a8a-c233-427a-beb9-0e87e943526f_2c9ff48f-b3da-440d-8502-15b14bfbb150_07e6ca75-ea62-4fad-afa1-e11b03a2071f,"market for red meat, live weight",16.44247162,kg,1,kg
flavoring,,,,,,
mango salsa,,,,,,
cheesecake,,,,,,
vanilla frozen yogurt,,,,,,
saffron strand,,,,,,
lemon verbena leaf,,,,,,
"oranges, zest of",,,,,,
matzoh,,,,,,
clamato juice,,,,,,
caperberry,,,,,,
merlot,cb3b1db1-ed6d-46c3-8aca-7732f1e35916_685944f8-452b-4ad4-a01a-863924792f27_07e6ca75-ea62-4fad-afa1-e11b03a2071f,market for grape,0.296887007,kg,1,kg
fresh turmeric,,,,,,
sushi rice,cf6e8d40-9765-40c3-82f6-cafce5d9f192_922db745-4df5-4b82-bbb6-98e81e4007d1_07e6ca75-ea62-4fad-afa1-e11b03a2071f,"market for rice, non-basmati",1.403095628,kg,1,kg
disco,,,,,,
ground galangal,,,,,,
powdered cocoa mix,,,,,,
dried cannellini bean,,,,,,
lemonade drink mix,,,,,,
smooth cashew butter,,,,,,
dream whip,,,,,,
jiffy baking mix,,,,,,
garlic seasoning,,,,,,
whole oat groat,18a75664-a503-4b99-87be-e11557cb81f1_396098c0-2dd0-4987-84e3-cd12a3b521b7_07e6ca75-ea62-4fad-afa1-e11b03a2071f,market for oat grain,0.726827058,kg,1,kg
parsley flake,,,,,,
corn and black bean salsa,,,,,,
frozen broccoli spear,,,,,,
cherry,,,,,,
turkey breast half,,,,,,
french parfait amour liqueur,,,,,,
o'brien frozen potato,,,,,,
unsalted sunflower seed,31baad02-ed4d-4c04-8378-d16ac9dec200_20d649c2-db6b-4c9a-b529-409c9d43748e_07e6ca75-ea62-4fad-afa1-e11b03a2071f,market for sunflower seed,1.421001746,kg,1,kg
kielbasa,,,,,,
blush wine,,,,,,
spicy mustard,,,,,,
bleached sultana raisin,,,,,,
pecan nut,,,,,,
fresh chive,,,,,,
rolled barley,51572e03-1857-42ec-9529-7f8c29d49594_3f6dada9-2497-4e1c-9e1b-eabafa6920f8_07e6ca75-ea62-4fad-afa1-e11b03a2071f,market for barley grain,0.520886683,kg,1,kg
baked pie shell,,,,,,
mcintosh apple,05ea603a-801e-4a21-bff6-30472d63b1a1_1c819f15-1202-4fa9-8ef9-72196c2dfb85_07e6ca75-ea62-4fad-afa1-e11b03a2071f,market for apple,0.319430888,kg,1,kg
beef chuck roast,,,,,,
fresh coconut,ab8fa796-5358-402f-9751-cbb36a856d97_1adc665e-bf97-4113-a2bf-567f6c781504_07e6ca75-ea62-4fad-afa1-e11b03a2071f,"market for coconut, dehusked",0.81869465,kg,1,kg
stir-fry beef,,,,,,
canned clam,,,,,,
quik chocolate milk mix,,,,,,
mixed pepper,,,,,,
white grape,cb3b1db1-ed6d-46c3-8aca-7732f1e35916_685944f8-452b-4ad4-a01a-863924792f27_07e6ca75-ea62-4fad-afa1-e11b03a2071f,market for grape,0.296887007,kg,1,kg
whole wheat dinner roll,,,,,,
fontina,,,,,,
fresh black pepper,,,,,,
smoked tofu,,,,,,
strawberry margarita mix,,,,,,
sorghum,38350bd8-afe5-4526-a29b-9b7309f532fe_693d6795-b325-4ac0-af34-9ceda82a44fe_07e6ca75-ea62-4fad-afa1-e11b03a2071f,market for sweet sorghum grain,0.227221495,kg,1,kg
loquat,,,,,,
raspberry white wine vinegar,,,,,,
bologna,,,,,,
lime yogurt,,,,,,
coconut sorbet,,,,,,
shark,,,,,,
chocolate,,,,,,
beef heart,7ca37a8a-c233-427a-beb9-0e87e943526f_2c9ff48f-b3da-440d-8502-15b14bfbb150_07e6ca75-ea62-4fad-afa1-e11b03a2071f,"market for red meat, live weight",16.44247162,kg,1,kg
liquid egg substitute,,,,,,
dried currant,,,,,,
canned corn kernel,,,,,,
tuna salad,,,,,,
blackberry syrup,,,,,,
golden beet,,,,,,
cherry frosting,,,,,,
raw brown sugar,a7edce37-6252-45bf-9c3f-62a56e0d79d7_601aa448-72b2-4c2c-a05a-e185516d62a1_07e6ca75-ea62-4fad-afa1-e11b03a2071f,"market for sugar, from sugarcane",0.844260073,kg,1,kg
genoa salami,,,,,,
waffle mix,,,,,,
italian seasoning,,,,,,
grouper steak,,,,,,
dry lentil,5f1ba7e7-d0da-4603-b0f9-244fe1eee88b_4783e92c-7b3b-5227-8270-18e215988fcc_07e6ca75-ea62-4fad-afa1-e11b03a2071f,market for lentil,0.771483329,kg,1,kg
hawaij,,,,,,
crumb topping,,,,,,
grape,cb3b1db1-ed6d-46c3-8aca-7732f1e35916_685944f8-452b-4ad4-a01a-863924792f27_07e6ca75-ea62-4fad-afa1-e11b03a2071f,market for grape,0.296887007,kg,1,kg
dukkah,,,,,,
soy chorizo,,,,,,
asian seasoning,,,,,,
lemon gelatin,,,,,,
chocolate candy,,,,,,
worchestershire sauce,,,,,,
butt,,,,,,
canned blueberry,,,,,,
barley malt syrup,,,,,,
puffed kashi,,,,,,
chicken gravy,,,,,,
matzo farfel,,,,,,
chambord raspberry liquor,,,,,,
garlic powder,,,,,,
back rib,7ca37a8a-c233-427a-beb9-0e87e943526f_2c9ff48f-b3da-440d-8502-15b14bfbb150_07e6ca75-ea62-4fad-afa1-e11b03a2071f,"market for red meat, live weight",16.44247162,kg,1,kg
chestnut flmy,,,,,,
shake-n-bake,,,,,,
deer roast,,,,,,
warm water,b9526660-a3de-4442-b60a-4d8763bc789f_cfc90fee-20f0-451a-8e50-a5bd859d3feb_07e6ca75-ea62-4fad-afa1-e11b03a2071f,"market for water, completely softened",0.000325026,kg,1,kg
espresso powder,,,,,,
italian roll,,,,,,
pomegranate,f31f4bdb-f364-4395-801e-8899df72e34c_5023fbde-32f5-48c9-9e0d-bc1b370591b5_07e6ca75-ea62-4fad-afa1-e11b03a2071f,market for pomegranate,0.225995394,kg,1,kg
ring bologna,,,,,,
powdered allspice,,,,,,
psyllium,,,,,,
pineapple in juice,,,,,,
mesquite powder,,,,,,
pumpernickel bread,,,,,,
canned peach half,,,,,,
green pepper flake,,,,,,
vegan egg substitute,,,,,,
white grape juice,,,,,,
piri-pirus,,,,,,
brown bean,,,,,,
butterscotch schnapp,,,,,,
tropical fruit salad,,,,,,
dutch process cocoa,,,,,,
cream soda,,,,,,
frozen apple juice concentrate,,,,,,
hot chili paste,,,,,,
golden sultana raisin,,,,,,
frozen lima bean,,,,,,
chicken carcas,a714b4fb-4fc2-40e3-b5c7-62209dacf63a_2da20646-8adf-460b-bd65-c9fc35494b66_07e6ca75-ea62-4fad-afa1-e11b03a2071f,"market for chicken for slaughtering, live weight",2.444632694,kg,1,kg
roasted red pepper,,,,,,
mixed french herb,,,,,,
cilantro stem,f4308d96-2bdf-4b0a-8196-7c171c5ebaaf_22cdbdf8-05c7-4410-9eff-7b12ff1877b3_07e6ca75-ea62-4fad-afa1-e11b03a2071f,market for coriander,0.205071438,kg,1,kg
bagel chip,,,,,,
chai tea teabag,3f6d0090-fb8d-4637-a65f-87f975facb4e_1942f3d1-fad9-43da-a657-d5920c804cd6_07e6ca75-ea62-4fad-afa1-e11b03a2071f,"market for tea, dried",2.029453679,kg,1,kg
cabbage coleslaw blend,,,,,,
green food coloring paste,,,,,,
potato pierogy,,,,,,
panini bread,,,,,,
ghee,,,,,,
littleneck clam,,,,,,
bread mix,786db64c-2903-481a-bd39-cf5cbf203782_b73c05e7-72a9-40af-b33e-771c6964f4ce_07e6ca75-ea62-4fad-afa1-e11b03a2071f,market for wheat flour mix,1.148242719,kg,1,kg
agave,,,,,,
condensed new england clam chowder,,,,,,
yellow cherry tomato,b72d9580-130e-4d3b-9392-ec67c00f4b35_34967617-78b9-4120-9fbc-b8bf2d3c115b_07e6ca75-ea62-4fad-afa1-e11b03a2071f,"market for tomato, fresh grade",0.519773113,kg,1,kg
frozen black-eyed pea,,,,,,
mostaccioli noodle,,,,,,
ham slice,,,,,,
fresh whole wheat bread crumb,a5fc7f30-04ba-49c7-a292-394a21989a5c_dca5d4c8-0e53-4f11-9df5-418e30a0e49f_07e6ca75-ea62-4fad-afa1-e11b03a2071f,market for breadcrumbs,1.100980617,kg,1,kg
dashida,,,,,,
firm banana,2ac817ff-de6b-4644-8f35-492f33b891bf_3f376415-fc7f-485b-9713-609008c9994b_07e6ca75-ea62-4fad-afa1-e11b03a2071f,market for banana,0.285998412,kg,1,kg
boursin cheese,,,,,,
beef blade roast,,,,,,
quahog,,,,,,
dry onion,,,,,,
butterscotch topping,,,,,,
butterscotch caramel sauce,,,,,,
black kale,,,,,,
green taco sauce,,,,,,
dry rub seasoning,,,,,,
goat milk yogurt,,,,,,
unsweetened grape juice,,,,,,
fresh corn,d28caba3-32e4-4896-8cef-38a45a6adb99_d86548c8-a433-44a0-91ba-073c2227b627_07e6ca75-ea62-4fad-afa1-e11b03a2071f,market for sweet corn,0.276942777,kg,1,kg
chocolate graham cracker crumb,,,,,,
red pear,6bfd8993-8dff-4ae9-abe1-0fd32d2f4700_fb2a172f-2a59-4990-b362-64dd4825550f_07e6ca75-ea62-4fad-afa1-e11b03a2071f,market for pear,0.481227283,kg,1,kg
no-boil lasagna noodle,,,,,,
fleur de sel,,,,,,
fresh green chily,,,,,,
creme fraiche,564e1504-faaa-4ffb-a823-3351653311dc_e205cf62-396d-488a-8e2f-71344bbee1aa_07e6ca75-ea62-4fad-afa1-e11b03a2071f,"market for cream, from cow milk",2.52819913,kg,1,kg
lambs kidney,1cd0307c-4575-4e53-9299-a81c76f4eee9_2a80aed2-53c0-4eaa-bae1-829394a7cb32_07e6ca75-ea62-4fad-afa1-e11b03a2071f,"market for sheep for slaughtering, live weight",8.700476897,kg,1,kg
whole wheat penne rigate,,,,,,
bran,dec7645d-a9d9-4f62-b199-d521ffd1e9a9_eebb0924-cf1b-43a6-bdd4-c1a322ace5a0_07e6ca75-ea62-4fad-afa1-e11b03a2071f,market for wheat bran,0.33265765,kg,1,kg
black mustard seed,4bc3b6d0-7d4e-446b-9092-e8dbcc8cc1eb_315e2112-33e3-431d-891c-58a24fee409f_07e6ca75-ea62-4fad-afa1-e11b03a2071f,market for mustard,2.12646028,kg,1,kg
mccormick thyme leaf,,,,,,
lemon pie filling,,,,,,
corn flakes cereal,,,,,,
vegan chocolate chip,,,,,,
bulls eye bold barbecue sauce,,,,,,
ro-tel diced tomato,,,,,,
light whole wheat bread,,,,,,
candy corn,,,,,,
herring in wine sauce,,,,,,
light chocolate syrup,,,,,,
firm tofu,59514d53-7901-4892-8bea-7595ab05265d_880a4a66-9bfb-4830-9a5b-6a4502cbff78_07e6ca75-ea62-4fad-afa1-e11b03a2071f,market for tofu,1.199968329,kg,1,kg
dandelion flower,,,,,,